AREA,SITE_ID,SITE_NAME,SURVEY_ID,EVENT_DATE,EVENT_DATE_YEAR,SAMPLE_CODE,SURVEY_RANKED_NGR,SURVEY_RANKED_EASTING,SURVEY_RANKED_NORTHING,SURVEY_LENGTH,SURVEY_WIDTH,SURVEY_AREA,FISHED_WIDTH,FISHED_AREA,SURVEY_METHOD,SURVEY_STRATEGY,NO_OF_RUNS,SURVEY_SPECIES_ID,SPECIES_ID,SPECIES_NAME,LATIN_NAME,RUN1,RUN2,RUN3,RUN4,RUN5,RUN6,ALL_RUNS,SPCSNO,SPCSNO_SE,SPCSPV,SPCSPV_SE,OBSERVED_ABUNDANCE,ZERO_CATCH,SURVEY_STATUS,IS_THIRD_PARTY,IS_SPECIES_SELECTIVE,SURVEY_INSERT_DATE
Dart,9215,U/s Postbridge (Te),145829,30/07/2015,2015,,SX6462079010,264620,79010,82,5.24,429.68,5.24,429.68,DC ELECTRIC FISHING,SINGLE CATCH SAMPLE,1,631774,111,Brown / sea trout,Salmo trutta,53,,,,,,53,,,,,,No,Completed,No,No,12/08/2015
Dart,9215,U/s Postbridge (Te),145829,30/07/2015,2015,,SX6462079010,264620,79010,82,5.24,429.68,5.24,429.68,DC ELECTRIC FISHING,SINGLE CATCH SAMPLE,1,631775,118,Atlantic salmon,Salmo salar,152,,,,,,152,,,,,,No,Completed,No,No,12/08/2015
Dart,9215,U/s Postbridge (Te),145829,30/07/2015,2015,,SX6462079010,264620,79010,82,5.24,429.68,5.24,429.68,DC ELECTRIC FISHING,SINGLE CATCH SAMPLE,1,631776,241,European eel,Anguilla anguilla,3,,,,,,3,,,,,,No,Completed,No,No,12/08/2015
Dart,9215,U/s Postbridge (Te),151079,25/07/2017,2017,,SX6462079010,264620,79010,80,5.58,446.4,5.58,446.4,ELECTRIC FISHING,SINGLE CATCH SAMPLE,1,666232,242,European eels > elvers,Anguilla anguilla,2,,,,,,2,,,,,,No,Completed,No,No,31/07/2017
Dart,9215,U/s Postbridge (Te),151079,25/07/2017,2017,,SX6462079010,264620,79010,80,5.58,446.4,5.58,446.4,ELECTRIC FISHING,SINGLE CATCH SAMPLE,1,666233,118,Atlantic salmon,Salmo salar,235,,,,,,235,,,,,,No,Completed,No,No,31/07/2017
Dart,9215,U/s Postbridge (Te),151079,25/07/2017,2017,,SX6462079010,264620,79010,80,5.58,446.4,5.58,446.4,ELECTRIC FISHING,SINGLE CATCH SAMPLE,1,666234,111,Brown / sea trout,Salmo trutta,67,,,,,,67,,,,,,No,Completed,No,No,31/07/2017
Dart,9215,U/s Postbridge (Te),154934,25/07/2019,2019,,SX6462079010,264620,79010,52,5.48,284.96,5.48,284.96,ELECTRIC FISHING,SINGLE CATCH SAMPLE,1,691596,118,Atlantic salmon,Salmo salar,80,,,,,,80,,,,,,No,Completed,No,No,29/07/2019
Dart,9215,U/s Postbridge (Te),154934,25/07/2019,2019,,SX6462079010,264620,79010,52,5.48,284.96,5.48,284.96,ELECTRIC FISHING,SINGLE CATCH SAMPLE,1,691597,111,Brown / sea trout,Salmo trutta,20,,,,,,20,,,,,,No,Completed,No,No,29/07/2019
Dart,9215,U/s Postbridge (Te),154934,25/07/2019,2019,,SX6462079010,264620,79010,52,5.48,284.96,5.48,284.96,ELECTRIC FISHING,SINGLE CATCH SAMPLE,1,691598,242,European eels > elvers,Anguilla anguilla,1,,,,,,1,,,,,,No,Completed,No,No,29/07/2019
Dart,9215,U/s Postbridge (Te),160637,24/08/2021,2021,,SX6462079010,264620,79010,73,5.4,394.2,5.4,394.2,ELECTRIC FISHING,SINGLE CATCH SAMPLE,1,712992,118,Atlantic salmon,Salmo salar,144,,,,,,144,,,,,,No,Completed,No,No,18/11/2021
Dart,9215,U/s Postbridge (Te),160637,24/08/2021,2021,,SX6462079010,264620,79010,73,5.4,394.2,5.4,394.2,ELECTRIC FISHING,SINGLE CATCH SAMPLE,1,712993,111,Brown / sea trout,Salmo trutta,72,,,,,,72,,,,,,No,Completed,No,No,18/11/2021
Dart,9215,U/s Postbridge (Te),160637,24/08/2021,2021,,SX6462079010,264620,79010,73,5.4,394.2,5.4,394.2,ELECTRIC FISHING,SINGLE CATCH SAMPLE,1,712994,242,European eels > elvers,Anguilla anguilla,1,,,,,,1,,,,,,No,Completed,No,No,18/11/2021
Dart,9215,U/s Postbridge (Te),163667,07/09/2023,2023,,SX6462079010,264620,79010,49,4.9,240.1,4.9,240.1,ELECTRIC FISHING,SINGLE CATCH SAMPLE,1,732394,118,Atlantic salmon,Salmo salar,121,,,,,,121,,,,,,No,Completed,No,No,23/10/2023
Dart,9215,U/s Postbridge (Te),163667,07/09/2023,2023,,SX6462079010,264620,79010,49,4.9,240.1,4.9,240.1,ELECTRIC FISHING,SINGLE CATCH SAMPLE,1,732395,111,Brown / sea trout,Salmo trutta,37,,,,,,37,,,,,,No,Completed,No,No,23/10/2023
Dart,9215,U/s Postbridge (Te),163667,07/09/2023,2023,,SX6462079010,264620,79010,49,4.9,240.1,4.9,240.1,ELECTRIC FISHING,SINGLE CATCH SAMPLE,1,732396,242,European eels > elvers,Anguilla anguilla,2,,,,,,2,,,,,,No,Completed,No,No,23/10/2023
Dart,9215,U/s Postbridge (Te),166320,25/07/2024,2024,,SX6462079010,264620,79010,70,5.83,408.1,5.83,408.1,ELECTRIC FISHING,SINGLE CATCH SAMPLE,1,741603,111,Brown / sea trout,Salmo trutta,29,,,,,,29,,,,,,No,Completed,No,No,16/08/2024
Dart,9215,U/s Postbridge (Te),166320,25/07/2024,2024,,SX6462079010,264620,79010,70,5.83,408.1,5.83,408.1,ELECTRIC FISHING,SINGLE CATCH SAMPLE,1,741604,118,Atlantic salmon,Salmo salar,144,,,,,,144,,,,,,No,Completed,No,No,16/08/2024
Dart,9216,Postbridge (Stannon) (5 min),163668,12/09/2023,2023,,SX6482078990,264820,78990,50,2.47,123.5,2.47,123.5,ELECTRIC FISHING,CATCH PUE/T SAMPLE,1,732434,118,Atlantic salmon,Salmo salar,10,,,,,,10,,,,,,No,Completed,No,No,24/10/2023
Dart,9216,Postbridge (Stannon) (5 min),163668,12/09/2023,2023,,SX6482078990,264820,78990,50,2.47,123.5,2.47,123.5,ELECTRIC FISHING,CATCH PUE/T SAMPLE,1,732435,111,Brown / sea trout,Salmo trutta,92,,,,,,92,,,,,,No,Completed,No,No,24/10/2023
Dart,9216,Postbridge (Stannon) (5 min),163668,12/09/2023,2023,,SX6482078990,264820,78990,50,2.47,123.5,2.47,123.5,ELECTRIC FISHING,CATCH PUE/T SAMPLE,1,732436,283,Bullhead,Cottus gobio,2,,,,,,2,,,,,,No,Completed,No,No,24/10/2023
Dart,9217,Runnage (Te),148703,25/07/2016,2016,,SX6687178796,266871,78796,57,3.24,184.68,3.24,184.68,ELECTRIC FISHING,SINGLE CATCH SAMPLE,1,650074,111,Brown / sea trout,Salmo trutta,107,,,,,,107,,,,,,No,Completed,No,No,29/07/2016
Dart,9217,Runnage (Te),148703,25/07/2016,2016,,SX6687178796,266871,78796,57,3.24,184.68,3.24,184.68,ELECTRIC FISHING,SINGLE CATCH SAMPLE,1,650075,242,European eels > elvers,Anguilla anguilla,2,,,,,,2,,,,,,No,Completed,No,No,29/07/2016
Dart,9217,Runnage (Te),152904,10/07/2018,2018,,SX6687178796,266871,78796,69,3.1,213.9,3.1,213.9,ELECTRIC FISHING,SINGLE CATCH SAMPLE,1,678392,242,European eels > elvers,Anguilla anguilla,2,,,,,,2,,,,,,No,Completed,No,No,26/07/2018
Dart,9217,Runnage (Te),152904,10/07/2018,2018,,SX6687178796,266871,78796,69,3.1,213.9,3.1,213.9,ELECTRIC FISHING,SINGLE CATCH SAMPLE,1,678393,111,Brown / sea trout,Salmo trutta,133,,,,,,133,,,,,,No,Completed,No,No,26/07/2018
Dart,9217,Runnage (Te),154944,29/07/2019,2019,,SX6687178796,266871,78796,51,2.59,132.09,2.59,132.09,ELECTRIC FISHING,SINGLE CATCH SAMPLE,1,691652,111,Brown / sea trout,Salmo trutta,149,,,,,,149,,,,,,No,Completed,No,No,30/07/2019
Dart,9217,Runnage (Te),159938,05/07/2021,2021,,SX6687178796,266871,78796,65,3.36,218.4,3.36,218.4,ELECTRIC FISHING,SINGLE CATCH SAMPLE,1,707695,111,Brown / sea trout,Salmo trutta,157,,,,,,157,,,,,,No,Completed,No,No,08/07/2021
Dart,9217,Runnage (Te),159938,05/07/2021,2021,,SX6687178796,266871,78796,65,3.36,218.4,3.36,218.4,ELECTRIC FISHING,SINGLE CATCH SAMPLE,1,707696,242,European eels > elvers,Anguilla anguilla,2,,,,,,2,,,,,,No,Completed,No,No,08/07/2021
Dart,9217,Runnage (Te),161164,01/07/2022,2022,,SX6687178796,266871,78796,70,3.13,219.1,3.13,219.1,ELECTRIC FISHING,SINGLE CATCH SAMPLE,1,717748,111,Brown / sea trout,Salmo trutta,138,,,,,,138,,,,,,No,Completed,No,No,18/07/2022
Dart,9217,Runnage (Te),161164,01/07/2022,2022,,SX6687178796,266871,78796,70,3.13,219.1,3.13,219.1,ELECTRIC FISHING,SINGLE CATCH SAMPLE,1,717749,242,European eels > elvers,Anguilla anguilla,1,,,,,,1,,,,,,No,Completed,No,No,18/07/2022
Dart,9217,Runnage (Te),165654,18/06/2024,2024,,SX6687178796,266871,78796,70,2.6,182,2.6,182,ELECTRIC FISHING,SINGLE CATCH SAMPLE,1,739899,111,Brown / sea trout,Salmo trutta,185,,,,,,185,,,,,,No,Completed,No,No,17/07/2024
Dart,9217,Runnage (Te),165654,18/06/2024,2024,,SX6687178796,266871,78796,70,2.6,182,2.6,182,ELECTRIC FISHING,SINGLE CATCH SAMPLE,1,739900,242,European eels > elvers,Anguilla anguilla,1,,,,,,1,,,,,,No,Completed,No,No,17/07/2024
Dart,9218,Hr Cherry Brook Bridge (Te),148704,25/07/2016,2016,,SX6348076880,263480,76880,70,3.43,240.1,3.43,240.1,ELECTRIC FISHING,SINGLE CATCH SAMPLE,1,650093,118,Atlantic salmon,Salmo salar,19,,,,,,19,,,,,,No,Completed,No,No,29/07/2016
Dart,9218,Hr Cherry Brook Bridge (Te),148704,25/07/2016,2016,,SX6348076880,263480,76880,70,3.43,240.1,3.43,240.1,ELECTRIC FISHING,SINGLE CATCH SAMPLE,1,650094,111,Brown / sea trout,Salmo trutta,122,,,,,,122,,,,,,No,Completed,No,No,29/07/2016
Dart,9218,Hr Cherry Brook Bridge (Te),152902,06/07/2018,2018,,SX6348076880,263480,76880,129,3.5,451.5,3.5,451.5,ELECTRIC FISHING,SINGLE CATCH SAMPLE,1,677828,242,European eels > elvers,Anguilla anguilla,1,,,,,,1,,,,,,No,Completed,No,No,26/07/2018
Dart,9218,Hr Cherry Brook Bridge (Te),152902,06/07/2018,2018,,SX6348076880,263480,76880,129,3.5,451.5,3.5,451.5,ELECTRIC FISHING,SINGLE CATCH SAMPLE,1,677829,111,Brown / sea trout,Salmo trutta,220,,,,,,220,,,,,,No,Completed,No,No,26/07/2018
Dart,9218,Hr Cherry Brook Bridge (Te),154777,10/07/2019,2019,,SX6348076880,263480,76880,55,3.08,169.4,3.08,169.4,ELECTRIC FISHING,SINGLE CATCH SAMPLE,1,690441,118,Atlantic salmon,Salmo salar,13,,,,,,13,,,,,,No,Completed,No,No,15/07/2019
Dart,9218,Hr Cherry Brook Bridge (Te),154777,10/07/2019,2019,,SX6348076880,263480,76880,55,3.08,169.4,3.08,169.4,ELECTRIC FISHING,SINGLE CATCH SAMPLE,1,690442,111,Brown / sea trout,Salmo trutta,100,,,,,,100,,,,,,No,Completed,No,No,15/07/2019
Dart,9218,Hr Cherry Brook Bridge (Te),160101,09/07/2021,2021,,SX6348076880,263480,76880,55,3.84,211.2,3.84,211.2,ELECTRIC FISHING,SINGLE CATCH SAMPLE,1,708875,118,Atlantic salmon,Salmo salar,1,,,,,,1,,,,,,No,Completed,No,No,18/08/2021
Dart,9218,Hr Cherry Brook Bridge (Te),160101,09/07/2021,2021,,SX6348076880,263480,76880,55,3.84,211.2,3.84,211.2,ELECTRIC FISHING,SINGLE CATCH SAMPLE,1,708876,111,Brown / sea trout,Salmo trutta,111,,,,,,111,,,,,,No,Completed,No,No,18/08/2021
Dart,9218,Hr Cherry Brook Bridge (Te),161166,01/07/2022,2022,,SX6348076880,263480,76880,55,3.73,205.15,3.73,205.15,ELECTRIC FISHING,SINGLE CATCH SAMPLE,1,717766,111,Brown / sea trout,Salmo trutta,72,,,,,,72,,,,,,No,Completed,No,No,18/07/2022
Dart,9218,Hr Cherry Brook Bridge (Te),165617,03/07/2024,2024,,SX6348076880,263480,76880,51,3.79,193.29,3.79,193.29,ELECTRIC FISHING,SINGLE CATCH SAMPLE,1,739855,118,Atlantic salmon,Salmo salar,1,,,,,,1,,,,,,No,Completed,No,No,16/07/2024
Dart,9218,Hr Cherry Brook Bridge (Te),165617,03/07/2024,2024,,SX6348076880,263480,76880,51,3.79,193.29,3.79,193.29,ELECTRIC FISHING,SINGLE CATCH SAMPLE,1,739856,111,Brown / sea trout,Salmo trutta,58,,,,,,58,,,,,,No,Completed,No,No,16/07/2024
Dart,9220,Grendon Bridge (Te),145677,27/07/2015,2015,,SX6880678498,268806,78498,63,4.23,266.49,4.23,266.49,DC ELECTRIC FISHING,SINGLE CATCH SAMPLE,1,630567,111,Brown / sea trout,Salmo trutta,94,,,,,,94,,,,,,No,Completed,No,No,28/07/2015
Dart,9220,Grendon Bridge (Te),148717,26/07/2016,2016,,SX6880678498,268806,78498,73,3.71,270.83,3.71,270.83,ELECTRIC FISHING,SINGLE CATCH SAMPLE,1,650200,111,Brown / sea trout,Salmo trutta,127,,,,,,127,,,,,,No,Completed,No,No,01/08/2016
Dart,9220,Grendon Bridge (Te),151086,28/07/2017,2017,,SX6880678498,268806,78498,65,3.96,257.4,3.96,257.4,ELECTRIC FISHING,SINGLE CATCH SAMPLE,1,666276,111,Brown / sea trout,Salmo trutta,130,,,,,,130,,,,,,No,Completed,No,No,31/07/2017
Dart,9220,Grendon Bridge (Te),155152,20/08/2019,2019,,SX6880678498,268806,78498,60,4.44,266.4,4.44,266.4,ELECTRIC FISHING,SINGLE CATCH SAMPLE,1,693192,111,Brown / sea trout,Salmo trutta,102,,,,,,102,,,,,,No,Completed,No,No,21/08/2019
Dart,9220,Grendon Bridge (Te),160100,02/07/2021,2021,,SX6880678498,268806,78498,70,4.54,317.8,4.54,317.8,ELECTRIC FISHING,SINGLE CATCH SAMPLE,1,708873,111,Brown / sea trout,Salmo trutta,132,,,,,,132,,,,,,No,Completed,No,No,18/08/2021
Dart,9220,Grendon Bridge (Te),160100,02/07/2021,2021,,SX6880678498,268806,78498,70,4.54,317.8,4.54,317.8,ELECTRIC FISHING,SINGLE CATCH SAMPLE,1,708874,242,European eels > elvers,Anguilla anguilla,1,,,,,,1,,,,,,No,Completed,No,No,18/08/2021
Dart,9220,Grendon Bridge (Te),164018,18/08/2023,2023,,SX6880678498,268806,78498,55,4.29,235.95,4.29,235.95,ELECTRIC FISHING,SINGLE CATCH SAMPLE,1,734380,111,Brown / sea trout,Salmo trutta,100,,,,,,100,,,,,,No,Completed,No,No,15/11/2023
Dart,9220,Grendon Bridge (Te),165431,02/07/2024,2024,,SX6880678498,268806,78498,60,4.32,259.2,4.32,259.2,ELECTRIC FISHING,SINGLE CATCH SAMPLE,1,739134,111,Brown / sea trout,Salmo trutta,95,,,,,,95,,,,,,No,Completed,No,No,04/07/2024
Dart,9289,Brooking (Sp),165014,28/05/2024,2024,,SX7561060890,275610,60890,50,2.82,141,2.82,141,ELECTRIC FISHING,SINGLE CATCH SAMPLE,1,738091,111,Brown / sea trout,Salmo trutta,45,,,,,,45,,,,,,No,Completed,No,No,31/05/2024
Dart,9289,Brooking (Sp),165014,28/05/2024,2024,,SX7561060890,275610,60890,50,2.82,141,2.82,141,ELECTRIC FISHING,SINGLE CATCH SAMPLE,1,738092,242,European eels > elvers,Anguilla anguilla,4,,,,,,4,,,,,,No,Completed,No,No,31/05/2024
Dart,9289,Brooking (Sp),165014,28/05/2024,2024,,SX7561060890,275610,60890,50,2.82,141,2.82,141,ELECTRIC FISHING,SINGLE CATCH SAMPLE,1,738093,283,Bullhead,Cottus gobio,4,,,,,,4,,,,,,No,Completed,No,No,31/05/2024
Dart,9290,U/s Devonport Leat Intake (Sp),166355,13/08/2024,2024,,SX6081077980,260810,77980,39,5.07,197.73,5.07,197.73,ELECTRIC FISHING,SINGLE CATCH SAMPLE,1,741680,111,Brown / sea trout,Salmo trutta,36,,,,,,36,,,,,,No,Completed,No,No,20/08/2024
Dart,9290,U/s Devonport Leat Intake (Sp),166355,13/08/2024,2024,,SX6081077980,260810,77980,39,5.07,197.73,5.07,197.73,ELECTRIC FISHING,SINGLE CATCH SAMPLE,1,741681,242,European eels > elvers,Anguilla anguilla,1,,,,,,1,,,,,,No,Completed,No,No,20/08/2024
Dart,9291,D/s Devonport Leat Intake (Sp),166354,13/08/2024,2024,,SX6089077940,260890,77940,38,8.17,310.46,8.17,310.46,ELECTRIC FISHING,SINGLE CATCH SAMPLE,1,741679,111,Brown / sea trout,Salmo trutta,40,,,,,,40,,,,,,No,Completed,No,No,20/08/2024
Dart,9292,Crockern Tor (Sp),160547,17/08/2021,2021,,SX6090775514,260907,75514,70,4.41,308.7,4.41,308.7,ELECTRIC FISHING,CATCH DEPLETION SAMPLE,3,712058,242,European eels > elvers,Anguilla anguilla,2,1,0,,,,3,3,0.265908,0.75,0.265908,,No,Completed,No,No,03/11/2021
Dart,9292,Crockern Tor (Sp),160547,17/08/2021,2021,,SX6090775514,260907,75514,70,4.41,308.7,4.41,308.7,ELECTRIC FISHING,CATCH DEPLETION SAMPLE,3,712059,111,Brown / sea trout,Salmo trutta,42,16,8,,,,66,70,3.423891,0.6,0.073369,,No,Completed,No,No,03/11/2021
Dart,9292,Crockern Tor (Sp),160547,17/08/2021,2021,,SX6090775514,260907,75514,70,4.41,308.7,4.41,308.7,ELECTRIC FISHING,CATCH DEPLETION SAMPLE,3,713593,118,Atlantic salmon,Salmo salar,2,2,0,,,,4,4,0.543557,0.666667,0.271779,,No,Completed,No,No,03/11/2021
Dart,9292,Crockern Tor (Sp),161244,03/08/2022,2022,,SX6090775514,260907,75514,72,4.28,308.16,4.28,308.16,ELECTRIC FISHING,SINGLE CATCH SAMPLE,1,718297,118,Atlantic salmon,Salmo salar,7,,,,,,7,,,,,,No,Completed,No,No,11/08/2022
Dart,9292,Crockern Tor (Sp),161244,03/08/2022,2022,,SX6090775514,260907,75514,72,4.28,308.16,4.28,308.16,ELECTRIC FISHING,SINGLE CATCH SAMPLE,1,718298,111,Brown / sea trout,Salmo trutta,70,,,,,,70,,,,,,No,Completed,No,No,11/08/2022
Dart,9292,Crockern Tor (Sp),161244,03/08/2022,2022,,SX6090775514,260907,75514,72,4.28,308.16,4.28,308.16,ELECTRIC FISHING,SINGLE CATCH SAMPLE,1,718299,242,European eels > elvers,Anguilla anguilla,2,,,,,,2,,,,,,No,Completed,No,No,11/08/2022
Dart,9292,Crockern Tor (Sp),164015,18/08/2023,2023,,SX6090775514,260907,75514,60,4.81,288.6,4.81,288.6,ELECTRIC FISHING,SINGLE CATCH SAMPLE,1,734372,111,Brown / sea trout,Salmo trutta,53,,,,,,53,,,,,,No,Completed,No,No,15/11/2023
Dart,9292,Crockern Tor (Sp),164015,18/08/2023,2023,,SX6090775514,260907,75514,60,4.81,288.6,4.81,288.6,ELECTRIC FISHING,SINGLE CATCH SAMPLE,1,734373,284,Minnow,Phoxinus phoxinus,7,,,,,,7,,,,,,No,Completed,No,No,15/11/2023
Dart,9292,Crockern Tor (Sp),165761,17/07/2024,2024,,SX6090775514,260907,75514,50,4.45,222.5,4.45,222.5,ELECTRIC FISHING,SINGLE CATCH SAMPLE,1,740123,284,Minnow,Phoxinus phoxinus,4,,,,,,4,,,,,,No,Completed,No,No,23/07/2024
Dart,9292,Crockern Tor (Sp),165761,17/07/2024,2024,,SX6090775514,260907,75514,50,4.45,222.5,4.45,222.5,ELECTRIC FISHING,SINGLE CATCH SAMPLE,1,740124,242,European eels > elvers,Anguilla anguilla,1,,,,,,1,,,,,,No,Completed,No,No,23/07/2024
Dart,9292,Crockern Tor (Sp),165761,17/07/2024,2024,,SX6090775514,260907,75514,50,4.45,222.5,4.45,222.5,ELECTRIC FISHING,SINGLE CATCH SAMPLE,1,740125,111,Brown / sea trout,Salmo trutta,42,,,,,,42,,,,,,No,Completed,No,No,23/07/2024
Dart,9293,Beardown (Sp),160103,16/07/2021,2021,,SX6029075290,260290,75290,80,5.86,468.8,5.86,468.8,ELECTRIC FISHING,SINGLE CATCH SAMPLE,1,708892,111,Brown / sea trout,Salmo trutta,67,,,,,,67,,,,,,No,Completed,No,No,18/08/2021
Dart,9293,Beardown (Sp),160103,16/07/2021,2021,,SX6029075290,260290,75290,80,5.86,468.8,5.86,468.8,ELECTRIC FISHING,SINGLE CATCH SAMPLE,1,708893,242,European eels > elvers,Anguilla anguilla,1,,,,,,1,,,,,,No,Completed,No,No,18/08/2021
Dart,9293,Beardown (Sp),165764,22/07/2024,2024,,SX6029075290,260290,75290,50,6.35,317.5,6.35,317.5,ELECTRIC FISHING,SINGLE CATCH SAMPLE,1,740129,242,European eels > elvers,Anguilla anguilla,1,,,,,,1,,,,,,No,Completed,No,No,23/07/2024
Dart,9293,Beardown (Sp),165764,22/07/2024,2024,,SX6029075290,260290,75290,50,6.35,317.5,6.35,317.5,ELECTRIC FISHING,SINGLE CATCH SAMPLE,1,740130,111,Brown / sea trout,Salmo trutta,62,,,,,,62,,,,,,No,Completed,No,No,23/07/2024
Dart,9296,Lr Cherry Brook Bridge (5 min) and (Sp),152903,09/07/2018,2018,,SX6317074760,263170,74760,68,5.06,344.08,5.06,344.08,ELECTRIC FISHING,SINGLE CATCH SAMPLE,1,677830,284,Minnow,Phoxinus phoxinus,68,,,,,,68,,,,,,No,Completed,No,No,26/07/2018
Dart,9296,Lr Cherry Brook Bridge (5 min) and (Sp),152903,09/07/2018,2018,,SX6317074760,263170,74760,68,5.06,344.08,5.06,344.08,ELECTRIC FISHING,SINGLE CATCH SAMPLE,1,677831,242,European eels > elvers,Anguilla anguilla,1,,,,,,1,,,,,,No,Completed,No,No,26/07/2018
Dart,9296,Lr Cherry Brook Bridge (5 min) and (Sp),152903,09/07/2018,2018,,SX6317074760,263170,74760,68,5.06,344.08,5.06,344.08,ELECTRIC FISHING,SINGLE CATCH SAMPLE,1,677832,118,Atlantic salmon,Salmo salar,234,,,,,,234,,,,,,No,Completed,No,No,26/07/2018
Dart,9296,Lr Cherry Brook Bridge (5 min) and (Sp),152903,09/07/2018,2018,,SX6317074760,263170,74760,68,5.06,344.08,5.06,344.08,ELECTRIC FISHING,SINGLE CATCH SAMPLE,1,677833,111,Brown / sea trout,Salmo trutta,83,,,,,,83,,,,,,No,Completed,No,No,26/07/2018
Dart,9296,Lr Cherry Brook Bridge (5 min) and (Sp),154793,10/07/2019,2019,,SX6317074760,263170,74760,80,5.05,404,5.05,404,ELECTRIC FISHING,SINGLE CATCH SAMPLE,1,690579,118,Atlantic salmon,Salmo salar,156,,,,,,156,,,,,,No,Completed,No,No,17/07/2019
Dart,9296,Lr Cherry Brook Bridge (5 min) and (Sp),154793,10/07/2019,2019,,SX6317074760,263170,74760,80,5.05,404,5.05,404,ELECTRIC FISHING,SINGLE CATCH SAMPLE,1,690580,111,Brown / sea trout,Salmo trutta,56,,,,,,56,,,,,,No,Completed,No,No,17/07/2019
Dart,9296,Lr Cherry Brook Bridge (5 min) and (Sp),154793,10/07/2019,2019,,SX6317074760,263170,74760,80,5.05,404,5.05,404,ELECTRIC FISHING,SINGLE CATCH SAMPLE,1,690581,284,Minnow,Phoxinus phoxinus,59,,,,,,59,,,,,,No,Completed,No,No,17/07/2019
Dart,9296,Lr Cherry Brook Bridge (5 min) and (Sp),154793,10/07/2019,2019,,SX6317074760,263170,74760,80,5.05,404,5.05,404,ELECTRIC FISHING,SINGLE CATCH SAMPLE,1,690582,242,European eels > elvers,Anguilla anguilla,1,,,,,,1,,,,,,No,Completed,No,No,17/07/2019
Dart,9296,Lr Cherry Brook Bridge (5 min) and (Sp),163577,05/09/2023,2023,,SX6317074760,263170,74760,50,4.77,238.5,4.77,238.5,ELECTRIC FISHING,CATCH PUE/T SAMPLE,1,731820,118,Atlantic salmon,Salmo salar,119,,,,,,119,,,,,,No,Completed,No,No,11/10/2023
Dart,9296,Lr Cherry Brook Bridge (5 min) and (Sp),163577,05/09/2023,2023,,SX6317074760,263170,74760,50,4.77,238.5,4.77,238.5,ELECTRIC FISHING,CATCH PUE/T SAMPLE,1,731821,111,Brown / sea trout,Salmo trutta,38,,,,,,38,,,,,,No,Completed,No,No,11/10/2023
Dart,9296,Lr Cherry Brook Bridge (5 min) and (Sp),163577,05/09/2023,2023,,SX6317074760,263170,74760,50,4.77,238.5,4.77,238.5,ELECTRIC FISHING,CATCH PUE/T SAMPLE,1,731822,284,Minnow,Phoxinus phoxinus,36,,,,,,36,,,,,,No,Completed,No,No,11/10/2023
Dart,9297,Whiteworks (Sp),160645,16/08/2021,2021,,SX6152071100,261520,71100,75,2,150,2,150,ELECTRIC FISHING,SINGLE CATCH SAMPLE,1,713040,118,Atlantic salmon,Salmo salar,38,,,,,,38,,,,,,No,Completed,No,No,18/11/2021
Dart,9297,Whiteworks (Sp),160645,16/08/2021,2021,,SX6152071100,261520,71100,75,2,150,2,150,ELECTRIC FISHING,SINGLE CATCH SAMPLE,1,713041,111,Brown / sea trout,Salmo trutta,86,,,,,,86,,,,,,No,Completed,No,No,18/11/2021
Dart,9297,Whiteworks (Sp),160645,16/08/2021,2021,,SX6152071100,261520,71100,75,2,150,2,150,ELECTRIC FISHING,SINGLE CATCH SAMPLE,1,713042,242,European eels > elvers,Anguilla anguilla,1,,,,,,1,,,,,,No,Completed,No,No,18/11/2021
Dart,9297,Whiteworks (Sp),165763,22/07/2024,2024,,SX6152071100,261520,71100,63,2.68,168.84,2.68,168.84,ELECTRIC FISHING,SINGLE CATCH SAMPLE,1,740128,111,Brown / sea trout,Salmo trutta,99,,,,,,99,,,,,,No,Completed,No,No,23/07/2024
Dart,9298,Wydemeet (Sp),160638,16/08/2021,2021,,SX6468073020,264680,73020,50,8.5,425,8.5,425,ELECTRIC FISHING,SINGLE CATCH SAMPLE,1,712995,118,Atlantic salmon,Salmo salar,17,,,,,,17,,,,,,No,Completed,No,No,18/11/2021
Dart,9298,Wydemeet (Sp),160638,16/08/2021,2021,,SX6468073020,264680,73020,50,8.5,425,8.5,425,ELECTRIC FISHING,SINGLE CATCH SAMPLE,1,712996,111,Brown / sea trout,Salmo trutta,12,,,,,,12,,,,,,No,Completed,No,No,18/11/2021
Dart,9298,Wydemeet (Sp),160638,16/08/2021,2021,,SX6468073020,264680,73020,50,8.5,425,8.5,425,ELECTRIC FISHING,SINGLE CATCH SAMPLE,1,712997,284,Minnow,Phoxinus phoxinus,6,,,,,,6,,,,,,No,Completed,No,No,18/11/2021
Dart,9298,Wydemeet (Sp),160638,16/08/2021,2021,,SX6468073020,264680,73020,50,8.5,425,8.5,425,ELECTRIC FISHING,SINGLE CATCH SAMPLE,1,712998,242,European eels > elvers,Anguilla anguilla,2,,,,,,2,,,,,,No,Completed,No,No,18/11/2021
Dart,9298,Wydemeet (Sp),165675,11/07/2024,2024,,SX6468073020,264680,73020,50,7.94,397,7.94,397,ELECTRIC FISHING,SINGLE CATCH SAMPLE,1,739928,118,Atlantic salmon,Salmo salar,25,,,,,,25,,,,,,No,Completed,No,No,18/07/2024
Dart,9298,Wydemeet (Sp),165675,11/07/2024,2024,,SX6468073020,264680,73020,50,7.94,397,7.94,397,ELECTRIC FISHING,SINGLE CATCH SAMPLE,1,739929,111,Brown / sea trout,Salmo trutta,19,,,,,,19,,,,,,No,Completed,No,No,18/07/2024
Dart,9298,Wydemeet (Sp),165675,11/07/2024,2024,,SX6468073020,264680,73020,50,7.94,397,7.94,397,ELECTRIC FISHING,SINGLE CATCH SAMPLE,1,739930,242,European eels > elvers,Anguilla anguilla,1,,,,,,1,,,,,,No,Completed,No,No,18/07/2024
Dart,9298,Wydemeet (Sp),165675,11/07/2024,2024,,SX6468073020,264680,73020,50,7.94,397,7.94,397,ELECTRIC FISHING,SINGLE CATCH SAMPLE,1,739931,284,Minnow,Phoxinus phoxinus,27,,,,,,27,,,,,,No,Completed,No,No,18/07/2024
Dart,9300,Challacombe Farm (Sp),145556,22/07/2015,2015,,SX6943079590,269430,79590,71,3.24,230.04,3.24,230.04,DC ELECTRIC FISHING,SINGLE CATCH SAMPLE,1,629875,111,Brown / sea trout,Salmo trutta,156,,,,,,156,,,,,,No,Completed,No,No,23/07/2015
Dart,9300,Challacombe Farm (Sp),148726,01/08/2016,2016,,SX6943079590,269430,79590,60,2.98,178.8,2.98,178.8,ELECTRIC FISHING,SINGLE CATCH SAMPLE,1,650277,111,Brown / sea trout,Salmo trutta,177,,,,,,177,,,,,,No,Completed,No,No,02/08/2016
Dart,9300,Challacombe Farm (Sp),151083,27/07/2017,2017,,SX6943079590,269430,79590,65,2.76,179.4,2.76,179.4,ELECTRIC FISHING,SINGLE CATCH SAMPLE,1,666273,111,Brown / sea trout,Salmo trutta,187,,,,,,187,,,,,,No,Completed,No,No,31/07/2017
Dart,9300,Challacombe Farm (Sp),160099,01/07/2021,2021,,SX6943079590,269430,79590,55,3.36,184.8,3.36,184.8,ELECTRIC FISHING,SINGLE CATCH SAMPLE,1,708872,111,Brown / sea trout,Salmo trutta,131,,,,,,131,,,,,,No,Completed,No,No,18/08/2021
Dart,9300,Challacombe Farm (Sp),165673,14/06/2024,2024,,SX6943079590,269430,79590,58,3.65,211.7,3.65,211.7,ELECTRIC FISHING,SINGLE CATCH SAMPLE,1,739926,111,Brown / sea trout,Salmo trutta,109,,,,,,109,,,,,,No,Completed,No,No,18/07/2024
Dart,9301,Lower Cator Bridge (Sp),145561,22/07/2015,2015,,SX6894076450,268940,76450,48,4.41,211.68,4.41,211.68,DC ELECTRIC FISHING,SINGLE CATCH SAMPLE,1,629894,111,Brown / sea trout,Salmo trutta,77,,,,,,77,,,,,,No,Completed,No,No,23/07/2015
Dart,9301,Lower Cator Bridge (Sp),148727,01/08/2016,2016,,SX6894076450,268940,76450,40,4.11,164.4,4.11,164.4,ELECTRIC FISHING,SINGLE CATCH SAMPLE,1,650278,111,Brown / sea trout,Salmo trutta,65,,,,,,65,,,,,,No,Completed,No,No,02/08/2016
Dart,9301,Lower Cator Bridge (Sp),151082,27/07/2017,2017,,SX6894076450,268940,76450,55,3.07,168.85,3.07,168.85,ELECTRIC FISHING,SINGLE CATCH SAMPLE,1,666272,111,Brown / sea trout,Salmo trutta,188,,,,,,188,,,,,,No,Completed,No,No,31/07/2017
Dart,9301,Lower Cator Bridge (Sp),159939,05/07/2021,2021,,SX6880678498,268806,78498,60,5.14,308.4,5.14,308.4,ELECTRIC FISHING,SINGLE CATCH SAMPLE,1,707697,111,Brown / sea trout,Salmo trutta,102,,,,,,102,,,,,,No,Completed,No,No,08/07/2021
Dart,9301,Lower Cator Bridge (Sp),165674,14/06/2024,2024,,SX6894076450,268940,76450,50,3.94,197,3.94,197,ELECTRIC FISHING,SINGLE CATCH SAMPLE,1,739927,111,Brown / sea trout,Salmo trutta,29,,,,,,29,,,,,,No,Completed,No,No,18/07/2024
Dart,9302,Mistresses Piece (Sp),145535,22/07/2015,2015,,SX7182072150,271820,72150,50,7.44,372,7.44,372,DC ELECTRIC FISHING,SINGLE CATCH SAMPLE,1,629356,283,Bullhead,Cottus gobio,4,,,,,,4,,,,,,No,Completed,No,No,22/07/2015
Dart,9302,Mistresses Piece (Sp),145535,22/07/2015,2015,,SX7182072150,271820,72150,50,7.44,372,7.44,372,DC ELECTRIC FISHING,SINGLE CATCH SAMPLE,1,629357,284,Minnow,Phoxinus phoxinus,1,,,,,,1,,,,,,No,Completed,No,No,22/07/2015
Dart,9302,Mistresses Piece (Sp),145535,22/07/2015,2015,,SX7182072150,271820,72150,50,7.44,372,7.44,372,DC ELECTRIC FISHING,SINGLE CATCH SAMPLE,1,629358,241,European eel,Anguilla anguilla,2,,,,,,2,,,,,,No,Completed,No,No,22/07/2015
Dart,9302,Mistresses Piece (Sp),145535,22/07/2015,2015,,SX7182072150,271820,72150,50,7.44,372,7.44,372,DC ELECTRIC FISHING,SINGLE CATCH SAMPLE,1,629359,118,Atlantic salmon,Salmo salar,20,,,,,,20,,,,,,No,Completed,No,No,22/07/2015
Dart,9302,Mistresses Piece (Sp),145535,22/07/2015,2015,,SX7182072150,271820,72150,50,7.44,372,7.44,372,DC ELECTRIC FISHING,SINGLE CATCH SAMPLE,1,629360,111,Brown / sea trout,Salmo trutta,18,,,,,,18,,,,,,No,Completed,No,No,22/07/2015
Dart,9302,Mistresses Piece (Sp),148719,29/07/2016,2016,,SX7182072150,271820,72150,55,7.85,431.75,7.85,431.75,ELECTRIC FISHING,SINGLE CATCH SAMPLE,1,650207,118,Atlantic salmon,Salmo salar,23,,,,,,23,,,,,,No,Completed,No,No,01/08/2016
Dart,9302,Mistresses Piece (Sp),148719,29/07/2016,2016,,SX7182072150,271820,72150,55,7.85,431.75,7.85,431.75,ELECTRIC FISHING,SINGLE CATCH SAMPLE,1,650208,111,Brown / sea trout,Salmo trutta,35,,,,,,35,,,,,,No,Completed,No,No,01/08/2016
Dart,9302,Mistresses Piece (Sp),148719,29/07/2016,2016,,SX7182072150,271820,72150,55,7.85,431.75,7.85,431.75,ELECTRIC FISHING,SINGLE CATCH SAMPLE,1,650209,283,Bullhead,Cottus gobio,16,,,,,,16,,,,,,No,Completed,No,No,01/08/2016
Dart,9302,Mistresses Piece (Sp),148719,29/07/2016,2016,,SX7182072150,271820,72150,55,7.85,431.75,7.85,431.75,ELECTRIC FISHING,SINGLE CATCH SAMPLE,1,650210,242,European eels > elvers,Anguilla anguilla,2,,,,,,2,,,,,,No,Completed,No,No,01/08/2016
Dart,9302,Mistresses Piece (Sp),148719,29/07/2016,2016,,SX7182072150,271820,72150,55,7.85,431.75,7.85,431.75,ELECTRIC FISHING,SINGLE CATCH SAMPLE,1,650211,286,Stone loach,Barbatula barbatula,1,,,,,,1,,,,,,No,Completed,No,No,01/08/2016
Dart,9302,Mistresses Piece (Sp),151411,22/08/2017,2017,,SX7182072150,271820,72150,50,9.53,476.5,9.53,476.5,ELECTRIC FISHING,SINGLE CATCH SAMPLE,1,668087,283,Bullhead,Cottus gobio,7,,,,,,7,,,,,,No,Completed,No,No,04/09/2017
Dart,9302,Mistresses Piece (Sp),151411,22/08/2017,2017,,SX7182072150,271820,72150,50,9.53,476.5,9.53,476.5,ELECTRIC FISHING,SINGLE CATCH SAMPLE,1,668088,118,Atlantic salmon,Salmo salar,16,,,,,,16,,,,,,No,Completed,No,No,04/09/2017
Dart,9302,Mistresses Piece (Sp),151411,22/08/2017,2017,,SX7182072150,271820,72150,50,9.53,476.5,9.53,476.5,ELECTRIC FISHING,SINGLE CATCH SAMPLE,1,668089,111,Brown / sea trout,Salmo trutta,65,,,,,,65,,,,,,No,Completed,No,No,04/09/2017
Dart,9302,Mistresses Piece (Sp),151411,22/08/2017,2017,,SX7182072150,271820,72150,50,9.53,476.5,9.53,476.5,ELECTRIC FISHING,SINGLE CATCH SAMPLE,1,668090,242,European eels > elvers,Anguilla anguilla,1,,,,,,1,,,,,,No,Completed,No,No,04/09/2017
Dart,9302,Mistresses Piece (Sp),167091,21/08/2024,2024,,SX7182072150,271820,72150,40,7.42,296.8,7.42,296.8,ELECTRIC FISHING,SINGLE CATCH SAMPLE,1,743697,118,Atlantic salmon,Salmo salar,15,,,,,,15,,,,,,No,Completed,No,No,19/09/2024
Dart,9302,Mistresses Piece (Sp),167091,21/08/2024,2024,,SX7182072150,271820,72150,40,7.42,296.8,7.42,296.8,ELECTRIC FISHING,SINGLE CATCH SAMPLE,1,743698,111,Brown / sea trout,Salmo trutta,31,,,,,,31,,,,,,No,Completed,No,No,19/09/2024
Dart,9302,Mistresses Piece (Sp),167091,21/08/2024,2024,,SX7182072150,271820,72150,40,7.42,296.8,7.42,296.8,ELECTRIC FISHING,SINGLE CATCH SAMPLE,1,743699,283,Bullhead,Cottus gobio,3,,,,,,3,,,,,,No,Completed,No,No,19/09/2024
Dart,9302,Mistresses Piece (Sp),167091,21/08/2024,2024,,SX7182072150,271820,72150,40,7.42,296.8,7.42,296.8,ELECTRIC FISHING,SINGLE CATCH SAMPLE,1,743700,242,European eels > elvers,Anguilla anguilla,2,,,,,,2,,,,,,No,Completed,No,No,19/09/2024
Dart,9303,Gamble Cott (Sp),159936,07/07/2021,2021,,SX6957077760,269570,77760,69,1.91,131.79,1.91,131.79,ELECTRIC FISHING,SINGLE CATCH SAMPLE,1,707692,111,Brown / sea trout,Salmo trutta,88,,,,,,88,,,,,,No,Completed,No,No,08/07/2021
Dart,9303,Gamble Cott (Sp),165430,02/07/2024,2024,,SX6957077760,269570,77760,74,1.81,133.94,1.81,133.94,ELECTRIC FISHING,SINGLE CATCH SAMPLE,1,739132,111,Brown / sea trout,Salmo trutta,85,,,,,,85,,,,,,No,Completed,No,No,04/07/2024
Dart,9303,Gamble Cott (Sp),165430,02/07/2024,2024,,SX6957077760,269570,77760,74,1.81,133.94,1.81,133.94,ELECTRIC FISHING,SINGLE CATCH SAMPLE,1,739133,242,European eels > elvers,Anguilla anguilla,1,,,,,,1,,,,,,No,Completed,No,No,04/07/2024
Dart,9304,Hembury Woods (Sp),160648,02/08/2021,2021,,SX7212068200,272120,68200,59,3.28,193.52,3.28,193.52,ELECTRIC FISHING,SINGLE CATCH SAMPLE,1,713059,111,Brown / sea trout,Salmo trutta,53,,,,,,53,,,,,,No,Completed,No,No,18/11/2021
Dart,9304,Hembury Woods (Sp),165182,12/06/2024,2024,,SX7212068200,272120,68200,54,3.33,179.82,3.33,179.82,ELECTRIC FISHING,SINGLE CATCH SAMPLE,1,738457,118,Atlantic salmon,Salmo salar,15,,,,,,15,,,,,,No,Completed,No,No,18/06/2024
Dart,9304,Hembury Woods (Sp),165182,12/06/2024,2024,,SX7212068200,272120,68200,54,3.33,179.82,3.33,179.82,ELECTRIC FISHING,SINGLE CATCH SAMPLE,1,738458,111,Brown / sea trout,Salmo trutta,39,,,,,,39,,,,,,No,Completed,No,No,18/06/2024
Dart,9304,Hembury Woods (Sp),165182,12/06/2024,2024,,SX7212068200,272120,68200,54,3.33,179.82,3.33,179.82,ELECTRIC FISHING,SINGLE CATCH SAMPLE,1,738459,320,Lamprey sp.,Petromyzontidae,1,,,,,,1,,,,,,No,Completed,No,No,18/06/2024
Dart,9305,Belford Mill (Sp),160702,03/08/2021,2021,,SX7549071330,275490,71330,47,2.51,117.97,2.51,117.97,ELECTRIC FISHING,SINGLE CATCH SAMPLE,1,713712,111,Brown / sea trout,Salmo trutta,63,,,,,,63,,,,,,No,Completed,No,No,30/11/2021
Dart,9305,Belford Mill (Sp),160702,03/08/2021,2021,,SX7549071330,275490,71330,47,2.51,117.97,2.51,117.97,ELECTRIC FISHING,SINGLE CATCH SAMPLE,1,713713,283,Bullhead,Cottus gobio,19,,,,,,19,,,,,,No,Completed,No,No,30/11/2021
Dart,9305,Belford Mill (Sp),165181,12/06/2024,2024,,SX7549071330,275490,71330,48,2.54,121.92,2.54,121.92,ELECTRIC FISHING,SINGLE CATCH SAMPLE,1,738454,111,Brown / sea trout,Salmo trutta,38,,,,,,38,,,,,,No,Completed,No,No,18/06/2024
Dart,9305,Belford Mill (Sp),165181,12/06/2024,2024,,SX7549071330,275490,71330,48,2.54,121.92,2.54,121.92,ELECTRIC FISHING,SINGLE CATCH SAMPLE,1,738455,283,Bullhead,Cottus gobio,2,,,,,,2,,,,,,No,Completed,No,No,18/06/2024
Dart,9305,Belford Mill (Sp),165181,12/06/2024,2024,,SX7549071330,275490,71330,48,2.54,121.92,2.54,121.92,ELECTRIC FISHING,SINGLE CATCH SAMPLE,1,738456,242,European eels > elvers,Anguilla anguilla,1,,,,,,1,,,,,,No,Completed,No,No,18/06/2024
Dart,9307,Brooks Farm (Sp),160649,02/08/2021,2021,,SX7109067790,271090,67790,45,5.03,226.35,5.03,226.35,ELECTRIC FISHING,SINGLE CATCH SAMPLE,1,713552,111,Brown / sea trout,Salmo trutta,67,,,,,,67,,,,,,No,Completed,No,No,18/11/2021
Dart,9307,Brooks Farm (Sp),160649,02/08/2021,2021,,SX7109067790,271090,67790,45,5.03,226.35,5.03,226.35,ELECTRIC FISHING,SINGLE CATCH SAMPLE,1,713553,283,Bullhead,Cottus gobio,13,,,,,,13,,,,,,No,Completed,No,No,18/11/2021
Dart,9307,Brooks Farm (Sp),160649,02/08/2021,2021,,SX7109067790,271090,67790,45,5.03,226.35,5.03,226.35,ELECTRIC FISHING,SINGLE CATCH SAMPLE,1,713554,242,European eels > elvers,Anguilla anguilla,1,,,,,,1,,,,,,No,Completed,No,No,18/11/2021
Dart,9307,Brooks Farm (Sp),165618,03/07/2024,2024,,SX7109067790,271090,67790,51,4.74,241.74,4.74,241.74,ELECTRIC FISHING,SINGLE CATCH SAMPLE,1,739857,283,Bullhead,Cottus gobio,33,,,,,,33,,,,,,No,Completed,No,No,16/07/2024
Dart,9307,Brooks Farm (Sp),165618,03/07/2024,2024,,SX7109067790,271090,67790,51,4.74,241.74,4.74,241.74,ELECTRIC FISHING,SINGLE CATCH SAMPLE,1,739858,111,Brown / sea trout,Salmo trutta,50,,,,,,50,,,,,,No,Completed,No,No,16/07/2024
Dart,9310,Dury Bridge (Sp),159937,07/07/2021,2021,,SX6618077810,266180,77810,73,2.57,187.61,2.57,187.61,ELECTRIC FISHING,SINGLE CATCH SAMPLE,1,707693,118,Atlantic salmon,Salmo salar,3,,,,,,3,,,,,,No,Completed,No,No,08/07/2021
Dart,9310,Dury Bridge (Sp),159937,07/07/2021,2021,,SX6618077810,266180,77810,73,2.57,187.61,2.57,187.61,ELECTRIC FISHING,SINGLE CATCH SAMPLE,1,707694,111,Brown / sea trout,Salmo trutta,103,,,,,,103,,,,,,No,Completed,No,No,08/07/2021
Dart,9310,Dury Bridge (Sp),165653,18/06/2024,2024,,SX6618077810,266180,77810,82.5,2.63,216.975,2.63,216.975,ELECTRIC FISHING,SINGLE CATCH SAMPLE,1,739897,118,Atlantic salmon,Salmo salar,6,,,,,,6,,,,,,No,Completed,No,No,17/07/2024
Dart,9310,Dury Bridge (Sp),165653,18/06/2024,2024,,SX6618077810,266180,77810,82.5,2.63,216.975,2.63,216.975,ELECTRIC FISHING,SINGLE CATCH SAMPLE,1,739898,111,Brown / sea trout,Salmo trutta,112,,,,,,112,,,,,,No,Completed,No,No,17/07/2024
Dart,9312,D/s Princetown S.T.W (Sp),160642,24/08/2021,2021,,SX6065073840,260650,73840,67,5.11,342.37,5.11,342.37,ELECTRIC FISHING,SINGLE CATCH SAMPLE,1,713019,111,Brown / sea trout,Salmo trutta,156,,,,,,156,,,,,,No,Completed,No,No,18/11/2021
Dart,9312,D/s Princetown S.T.W (Sp),160642,24/08/2021,2021,,SX6065073840,260650,73840,67,5.11,342.37,5.11,342.37,ELECTRIC FISHING,SINGLE CATCH SAMPLE,1,713020,284,Minnow,Phoxinus phoxinus,6,,,,,,6,,,,,,No,Completed,No,No,18/11/2021
Dart,9312,D/s Princetown S.T.W (Sp),160642,24/08/2021,2021,,SX6065073840,260650,73840,67,5.11,342.37,5.11,342.37,ELECTRIC FISHING,SINGLE CATCH SAMPLE,1,713021,118,Atlantic salmon,Salmo salar,2,,,,,,2,,,,,,No,Completed,No,No,18/11/2021
Dart,9312,D/s Princetown S.T.W (Sp),165762,17/07/2024,2024,,SX6065073840,260650,73840,40,6.42,256.8,6.42,256.8,ELECTRIC FISHING,SINGLE CATCH SAMPLE,1,740126,284,Minnow,Phoxinus phoxinus,10,,,,,,10,,,,,,No,Completed,No,No,23/07/2024
Dart,9312,D/s Princetown S.T.W (Sp),165762,17/07/2024,2024,,SX6065073840,260650,73840,40,6.42,256.8,6.42,256.8,ELECTRIC FISHING,SINGLE CATCH SAMPLE,1,740127,111,Brown / sea trout,Salmo trutta,88,,,,,,88,,,,,,No,Completed,No,No,23/07/2024
Dart,9314,Lower Dean Bridge (Sp),160700,03/08/2021,2021,,SX7325065110,273250,65110,45,5.34,240.3,5.34,240.3,ELECTRIC FISHING,SINGLE CATCH SAMPLE,1,713692,118,Atlantic salmon,Salmo salar,21,,,,,,21,,,,,,No,Completed,No,No,30/11/2021
Dart,9314,Lower Dean Bridge (Sp),160700,03/08/2021,2021,,SX7325065110,273250,65110,45,5.34,240.3,5.34,240.3,ELECTRIC FISHING,SINGLE CATCH SAMPLE,1,713693,111,Brown / sea trout,Salmo trutta,50,,,,,,50,,,,,,No,Completed,No,No,30/11/2021
Dart,9314,Lower Dean Bridge (Sp),160700,03/08/2021,2021,,SX7325065110,273250,65110,45,5.34,240.3,5.34,240.3,ELECTRIC FISHING,SINGLE CATCH SAMPLE,1,713694,283,Bullhead,Cottus gobio,31,,,,,,31,,,,,,No,Completed,No,No,30/11/2021
Dart,9314,Lower Dean Bridge (Sp),160700,03/08/2021,2021,,SX7325065110,273250,65110,45,5.34,240.3,5.34,240.3,ELECTRIC FISHING,SINGLE CATCH SAMPLE,1,713695,320,Lamprey sp.,Petromyzontidae,1,,,,,,1,,,,,,No,Completed,No,No,30/11/2021
Dart,9314,Lower Dean Bridge (Sp),160700,03/08/2021,2021,,SX7325065110,273250,65110,45,5.34,240.3,5.34,240.3,ELECTRIC FISHING,SINGLE CATCH SAMPLE,1,713696,242,European eels > elvers,Anguilla anguilla,1,,,,,,1,,,,,,No,Completed,No,No,30/11/2021
Dart,9314,Lower Dean Bridge (Sp),166154,31/05/2024,2024,,SX7325065110,273250,65110,48,5.43,260.64,5.43,260.64,ELECTRIC FISHING,SINGLE CATCH SAMPLE,1,741127,111,Brown / sea trout,Salmo trutta,21,,,,,,21,,,,,,No,Completed,No,No,08/08/2024
Dart,9314,Lower Dean Bridge (Sp),166154,31/05/2024,2024,,SX7325065110,273250,65110,48,5.43,260.64,5.43,260.64,ELECTRIC FISHING,SINGLE CATCH SAMPLE,1,741128,283,Bullhead,Cottus gobio,33,,,,,,33,,,,,,No,Completed,No,No,08/08/2024
Dart,9314,Lower Dean Bridge (Sp),166154,31/05/2024,2024,,SX7325065110,273250,65110,48,5.43,260.64,5.43,260.64,ELECTRIC FISHING,SINGLE CATCH SAMPLE,1,741129,320,Lamprey sp.,Petromyzontidae,4,,,,,,4,,,,,,No,Completed,No,No,08/08/2024
Dart,9315,Abham (Sp),160636,31/08/2021,2021,,SX7763064360,277630,64360,85,2.22,188.7,2.22,188.7,ELECTRIC FISHING,SINGLE CATCH SAMPLE,1,712972,111,Brown / sea trout,Salmo trutta,25,,,,,,25,,,,,,No,Completed,No,No,17/11/2021
Dart,9315,Abham (Sp),160636,31/08/2021,2021,,SX7763064360,277630,64360,85,2.22,188.7,2.22,188.7,ELECTRIC FISHING,SINGLE CATCH SAMPLE,1,712973,283,Bullhead,Cottus gobio,52,,,,,,52,,,,,,No,Completed,No,No,17/11/2021
Dart,9315,Abham (Sp),160636,31/08/2021,2021,,SX7763064360,277630,64360,85,2.22,188.7,2.22,188.7,ELECTRIC FISHING,SINGLE CATCH SAMPLE,1,712974,284,Minnow,Phoxinus phoxinus,23,,,,,,23,,,,,,No,Completed,No,No,17/11/2021
Dart,9315,Abham (Sp),160636,31/08/2021,2021,,SX7763064360,277630,64360,85,2.22,188.7,2.22,188.7,ELECTRIC FISHING,SINGLE CATCH SAMPLE,1,712975,242,European eels > elvers,Anguilla anguilla,2,,,,,,2,,,,,,No,Completed,No,No,17/11/2021
Dart,9315,Abham (Sp),166152,31/05/2024,2024,,SX7763064360,277630,64360,77,2.53,194.81,2.53,194.81,ELECTRIC FISHING,SINGLE CATCH SAMPLE,1,741112,111,Brown / sea trout,Salmo trutta,24,,,,,,24,,,,,,No,Completed,No,No,08/08/2024
Dart,9315,Abham (Sp),166152,31/05/2024,2024,,SX7763064360,277630,64360,77,2.53,194.81,2.53,194.81,ELECTRIC FISHING,SINGLE CATCH SAMPLE,1,741113,283,Bullhead,Cottus gobio,18,,,,,,18,,,,,,No,Completed,No,No,08/08/2024
Dart,9315,Abham (Sp),166152,31/05/2024,2024,,SX7763064360,277630,64360,77,2.53,194.81,2.53,194.81,ELECTRIC FISHING,SINGLE CATCH SAMPLE,1,741114,284,Minnow,Phoxinus phoxinus,24,,,,,,24,,,,,,No,Completed,No,No,08/08/2024
Dart,9315,Abham (Sp),166152,31/05/2024,2024,,SX7763064360,277630,64360,77,2.53,194.81,2.53,194.81,ELECTRIC FISHING,SINGLE CATCH SAMPLE,1,741115,286,Stone loach,Barbatula barbatula,1,,,,,,1,,,,,,No,Completed,No,No,08/08/2024
Dart,9315,Abham (Sp),166152,31/05/2024,2024,,SX7763064360,277630,64360,77,2.53,194.81,2.53,194.81,ELECTRIC FISHING,SINGLE CATCH SAMPLE,1,741116,242,European eels > elvers,Anguilla anguilla,1,,,,,,1,,,,,,No,Completed,No,No,08/08/2024
Dart,9315,Abham (Sp),166152,31/05/2024,2024,,SX7763064360,277630,64360,77,2.53,194.81,2.53,194.81,ELECTRIC FISHING,SINGLE CATCH SAMPLE,1,741117,320,Lamprey sp.,Petromyzontidae,7,,,,,,7,,,,,,No,Completed,No,No,08/08/2024
Dart,9316,Longacre (Sp),165173,11/06/2024,2024,,SX8275053180,282750,53180,35,1.93,67.55,1.93,67.55,ELECTRIC FISHING,SINGLE CATCH SAMPLE,1,738410,283,Bullhead,Cottus gobio,9,,,,,,9,,,,,,No,Completed,No,No,18/06/2024
Dart,9316,Longacre (Sp),165173,11/06/2024,2024,,SX8275053180,282750,53180,35,1.93,67.55,1.93,67.55,ELECTRIC FISHING,SINGLE CATCH SAMPLE,1,738411,284,Minnow,Phoxinus phoxinus,7,,,,,,7,,,,,,No,Completed,No,No,18/06/2024
Dart,9316,Longacre (Sp),165173,11/06/2024,2024,,SX8275053180,282750,53180,35,1.93,67.55,1.93,67.55,ELECTRIC FISHING,SINGLE CATCH SAMPLE,1,738412,111,Brown / sea trout,Salmo trutta,3,,,,,,3,,,,,,No,Completed,No,No,18/06/2024
Dart,9319,Yeo Bridge (Sp),165035,29/05/2024,2024,,SX7586059500,275860,59500,50,4.44,222,4.44,222,ELECTRIC FISHING,SINGLE CATCH SAMPLE,1,738405,118,Atlantic salmon,Salmo salar,5,,,,,,5,,,,,,No,Completed,No,No,06/06/2024
Dart,9319,Yeo Bridge (Sp),165035,29/05/2024,2024,,SX7586059500,275860,59500,50,4.44,222,4.44,222,ELECTRIC FISHING,SINGLE CATCH SAMPLE,1,738406,111,Brown / sea trout,Salmo trutta,68,,,,,,68,,,,,,No,Completed,No,No,06/06/2024
Dart,9319,Yeo Bridge (Sp),165035,29/05/2024,2024,,SX7586059500,275860,59500,50,4.44,222,4.44,222,ELECTRIC FISHING,SINGLE CATCH SAMPLE,1,738407,283,Bullhead,Cottus gobio,23,,,,,,23,,,,,,No,Completed,No,No,06/06/2024
Dart,9319,Yeo Bridge (Sp),165035,29/05/2024,2024,,SX7586059500,275860,59500,50,4.44,222,4.44,222,ELECTRIC FISHING,SINGLE CATCH SAMPLE,1,738408,242,European eels > elvers,Anguilla anguilla,1,,,,,,1,,,,,,No,Completed,No,No,06/06/2024
Dart,9319,Yeo Bridge (Sp),165035,29/05/2024,2024,,SX7586059500,275860,59500,50,4.44,222,4.44,222,ELECTRIC FISHING,SINGLE CATCH SAMPLE,1,738409,320,Lamprey sp.,Petromyzontidae,5,,,,,,5,,,,,,No,Completed,No,No,06/06/2024
Dart,9322,Pig & Whistle (Sp),160674,30/07/2021,2021,,SX8176062590,281760,62590,40,3.21,128.4,3.21,128.4,ELECTRIC FISHING,SINGLE CATCH SAMPLE,1,713373,111,Brown / sea trout,Salmo trutta,6,,,,,,6,,,,,,No,Completed,No,No,25/11/2021
Dart,9322,Pig & Whistle (Sp),160674,30/07/2021,2021,,SX8176062590,281760,62590,40,3.21,128.4,3.21,128.4,ELECTRIC FISHING,SINGLE CATCH SAMPLE,1,713374,283,Bullhead,Cottus gobio,79,,,,,,79,,,,,,No,Completed,No,No,25/11/2021
Dart,9322,Pig & Whistle (Sp),160674,30/07/2021,2021,,SX8176062590,281760,62590,40,3.21,128.4,3.21,128.4,ELECTRIC FISHING,SINGLE CATCH SAMPLE,1,713375,242,European eels > elvers,Anguilla anguilla,5,,,,,,5,,,,,,No,Completed,No,No,25/11/2021
Dart,9322,Pig & Whistle (Sp),160674,30/07/2021,2021,,SX8176062590,281760,62590,40,3.21,128.4,3.21,128.4,ELECTRIC FISHING,SINGLE CATCH SAMPLE,1,713376,243,European elvers,Anguilla anguilla,1,,,,,,1,,,,,,No,Completed,No,No,25/11/2021
Dart,9322,Pig & Whistle (Sp),165036,29/05/2024,2024,,SX8176062590,281760,62590,41,3.51,143.91,3.51,143.91,ELECTRIC FISHING,SINGLE CATCH SAMPLE,1,738133,111,Brown / sea trout,Salmo trutta,6,,,,,,6,,,,,,No,Completed,No,No,06/06/2024
Dart,9322,Pig & Whistle (Sp),165036,29/05/2024,2024,,SX8176062590,281760,62590,41,3.51,143.91,3.51,143.91,ELECTRIC FISHING,SINGLE CATCH SAMPLE,1,738134,283,Bullhead,Cottus gobio,64,,,,,,64,,,,,,No,Completed,No,No,06/06/2024
Dart,9322,Pig & Whistle (Sp),165036,29/05/2024,2024,,SX8176062590,281760,62590,41,3.51,143.91,3.51,143.91,ELECTRIC FISHING,SINGLE CATCH SAMPLE,1,738135,242,European eels > elvers,Anguilla anguilla,8,,,,,,8,,,,,,No,Completed,No,No,06/06/2024
Dart,9322,Pig & Whistle (Sp),165036,29/05/2024,2024,,SX8176062590,281760,62590,41,3.51,143.91,3.51,143.91,ELECTRIC FISHING,SINGLE CATCH SAMPLE,1,738136,243,European elvers,Anguilla anguilla,4,,,,,,4,,,,,,No,Completed,No,No,06/06/2024
Dart,9322,Pig & Whistle (Sp),165036,29/05/2024,2024,,SX8176062590,281760,62590,41,3.51,143.91,3.51,143.91,ELECTRIC FISHING,SINGLE CATCH SAMPLE,1,738137,342,Flounder,Platichthys flesus,1,,,,,,1,,,,,,No,Completed,No,No,06/06/2024
Dart,9323,Tally Ho Bridge (Sp),160673,30/07/2021,2021,,SX8164063780,281640,63780,60,5.81,348.6,5.81,348.6,ELECTRIC FISHING,SINGLE CATCH SAMPLE,1,713342,111,Brown / sea trout,Salmo trutta,5,,,,,,5,,,,,,No,Completed,No,No,25/11/2021
Dart,9323,Tally Ho Bridge (Sp),160673,30/07/2021,2021,,SX8164063780,281640,63780,60,5.81,348.6,5.81,348.6,ELECTRIC FISHING,SINGLE CATCH SAMPLE,1,713343,283,Bullhead,Cottus gobio,212,,,,,,212,,,,,,No,Completed,No,No,25/11/2021
Dart,9323,Tally Ho Bridge (Sp),160673,30/07/2021,2021,,SX8164063780,281640,63780,60,5.81,348.6,5.81,348.6,ELECTRIC FISHING,SINGLE CATCH SAMPLE,1,713344,320,Lamprey sp.,Petromyzontidae,5,,,,,,5,,,,,,No,Completed,No,No,25/11/2021
Dart,9323,Tally Ho Bridge (Sp),160673,30/07/2021,2021,,SX8164063780,281640,63780,60,5.81,348.6,5.81,348.6,ELECTRIC FISHING,SINGLE CATCH SAMPLE,1,713345,242,European eels > elvers,Anguilla anguilla,4,,,,,,4,,,,,,No,Completed,No,No,25/11/2021
Dart,9323,Tally Ho Bridge (Sp),160673,30/07/2021,2021,,SX8164063780,281640,63780,60,5.81,348.6,5.81,348.6,ELECTRIC FISHING,SINGLE CATCH SAMPLE,1,713372,284,Minnow,Phoxinus phoxinus,3,,,,,,3,,,,,,No,Completed,No,No,25/11/2021
Dart,9323,Tally Ho Bridge (Sp),165013,28/05/2024,2024,,SX8164063780,281640,63780,50,5.44,272,5.44,272,ELECTRIC FISHING,SINGLE CATCH SAMPLE,1,738086,111,Brown / sea trout,Salmo trutta,9,,,,,,9,,,,,,No,Completed,No,No,31/05/2024
Dart,9323,Tally Ho Bridge (Sp),165013,28/05/2024,2024,,SX8164063780,281640,63780,50,5.44,272,5.44,272,ELECTRIC FISHING,SINGLE CATCH SAMPLE,1,738087,242,European eels > elvers,Anguilla anguilla,2,,,,,,2,,,,,,No,Completed,No,No,31/05/2024
Dart,9323,Tally Ho Bridge (Sp),165013,28/05/2024,2024,,SX8164063780,281640,63780,50,5.44,272,5.44,272,ELECTRIC FISHING,SINGLE CATCH SAMPLE,1,738088,322,Lamprey sp. ammocoetes,Petromyzontidae,1,,,,,,1,,,,,,No,Completed,No,No,31/05/2024
Dart,9323,Tally Ho Bridge (Sp),165013,28/05/2024,2024,,SX8164063780,281640,63780,50,5.44,272,5.44,272,ELECTRIC FISHING,SINGLE CATCH SAMPLE,1,738089,283,Bullhead,Cottus gobio,86,,,,,,86,,,,,,No,Completed,No,No,31/05/2024
Dart,9323,Tally Ho Bridge (Sp),165013,28/05/2024,2024,,SX8164063780,281640,63780,50,5.44,272,5.44,272,ELECTRIC FISHING,SINGLE CATCH SAMPLE,1,738090,284,Minnow,Phoxinus phoxinus,9,,,,,,9,,,,,,No,Completed,No,No,31/05/2024
Dart,9369,Bellever (Dip/5 min),160104,16/07/2021,2021,,SX6585077310,265850,77310,40,11.43,457.2,11.43,457.2,ELECTRIC FISHING,CATCH PUE/T SAMPLE,1,708894,118,Atlantic salmon,Salmo salar,55,,,,,,55,,,,,,No,Completed,No,No,18/08/2021
Dart,9369,Bellever (Dip/5 min),160104,16/07/2021,2021,,SX6585077310,265850,77310,40,11.43,457.2,11.43,457.2,ELECTRIC FISHING,CATCH PUE/T SAMPLE,1,708895,111,Brown / sea trout,Salmo trutta,31,,,,,,31,,,,,,No,Completed,No,No,18/08/2021
Dart,9369,Bellever (Dip/5 min),160104,16/07/2021,2021,,SX6585077310,265850,77310,40,11.43,457.2,11.43,457.2,ELECTRIC FISHING,CATCH PUE/T SAMPLE,1,708896,242,European eels > elvers,Anguilla anguilla,1,,,,,,1,,,,,,No,Completed,No,No,18/08/2021
Dart,9369,Bellever (Dip/5 min),163669,11/09/2023,2023,,SX6585077310,265850,77310,40,11.63,465.2,11.63,465.2,ELECTRIC FISHING,CATCH PUE/T SAMPLE,1,732438,118,Atlantic salmon,Salmo salar,113,,,,,,113,,,,,,No,Completed,No,No,24/10/2023
Dart,9369,Bellever (Dip/5 min),163669,11/09/2023,2023,,SX6585077310,265850,77310,40,11.63,465.2,11.63,465.2,ELECTRIC FISHING,CATCH PUE/T SAMPLE,1,732439,111,Brown / sea trout,Salmo trutta,12,,,,,,12,,,,,,No,Completed,No,No,24/10/2023
Dart,9369,Bellever (Dip/5 min),163669,11/09/2023,2023,,SX6585077310,265850,77310,40,11.63,465.2,11.63,465.2,ELECTRIC FISHING,CATCH PUE/T SAMPLE,1,732440,242,European eels > elvers,Anguilla anguilla,1,,,,,,1,,,,,,No,Completed,No,No,24/10/2023
Dart,9369,Bellever (Dip/5 min),165676,16/07/2024,2024,,SX6585077310,265850,77310,30,14.5,435,14.5,435,ELECTRIC FISHING,CATCH PUE/T SAMPLE,1,739932,118,Atlantic salmon,Salmo salar,40,,,,,,40,,,,,,No,Completed,No,No,18/07/2024
Dart,9369,Bellever (Dip/5 min),165676,16/07/2024,2024,,SX6585077310,265850,77310,30,14.5,435,14.5,435,ELECTRIC FISHING,CATCH PUE/T SAMPLE,1,739933,111,Brown / sea trout,Salmo trutta,21,,,,,,21,,,,,,No,Completed,No,No,18/07/2024
Dart,9370,D/s Dartmeet Bridge (Dip/5 min),160693,27/08/2021,2021,,SX6719073120,267190,73120,30,16.57,497.1,16.57,497.1,ELECTRIC FISHING,CATCH PUE/T SAMPLE,1,713575,118,Atlantic salmon,Salmo salar,58,,,,,,58,,,,,,No,Completed,No,No,26/11/2021
Dart,9370,D/s Dartmeet Bridge (Dip/5 min),160693,27/08/2021,2021,,SX6719073120,267190,73120,30,16.57,497.1,16.57,497.1,ELECTRIC FISHING,CATCH PUE/T SAMPLE,1,713576,111,Brown / sea trout,Salmo trutta,26,,,,,,26,,,,,,No,Completed,No,No,26/11/2021
Dart,9370,D/s Dartmeet Bridge (Dip/5 min),160693,27/08/2021,2021,,SX6719073120,267190,73120,30,16.57,497.1,16.57,497.1,ELECTRIC FISHING,CATCH PUE/T SAMPLE,1,713577,242,European eels > elvers,Anguilla anguilla,1,,,,,,1,,,,,,No,Completed,No,No,26/11/2021
Dart,9370,D/s Dartmeet Bridge (Dip/5 min),163675,11/09/2023,2023,,SX6719073120,267190,73120,30,13.6,408,13.6,408,ELECTRIC FISHING,CATCH PUE/T SAMPLE,1,732463,118,Atlantic salmon,Salmo salar,77,,,,,,77,,,,,,No,Completed,No,No,24/10/2023
Dart,9370,D/s Dartmeet Bridge (Dip/5 min),163675,11/09/2023,2023,,SX6719073120,267190,73120,30,13.6,408,13.6,408,ELECTRIC FISHING,CATCH PUE/T SAMPLE,1,732464,111,Brown / sea trout,Salmo trutta,14,,,,,,14,,,,,,No,Completed,No,No,24/10/2023
Dart,9370,D/s Dartmeet Bridge (Dip/5 min),166639,19/07/2024,2024,,SX6719073120,267190,73120,33.4,13.99,467.266,13.99,467.266,ELECTRIC FISHING,CATCH PUE/T SAMPLE,1,742816,118,Atlantic salmon,Salmo salar,30,,,,,,30,,,,,,No,Completed,No,No,05/09/2024
Dart,9370,D/s Dartmeet Bridge (Dip/5 min),166639,19/07/2024,2024,,SX6719073120,267190,73120,33.4,13.99,467.266,13.99,467.266,ELECTRIC FISHING,CATCH PUE/T SAMPLE,1,742817,111,Brown / sea trout,Salmo trutta,9,,,,,,9,,,,,,No,Completed,No,No,05/09/2024
Dart,9370,D/s Dartmeet Bridge (Dip/5 min),166639,19/07/2024,2024,,SX6719073120,267190,73120,33.4,13.99,467.266,13.99,467.266,ELECTRIC FISHING,CATCH PUE/T SAMPLE,1,742818,241,European eel,Anguilla anguilla,2,,,,,,2,,,,,,No,Completed,No,No,05/09/2024
Dart,9371,Spitchwich Manor (Dip),160550,26/08/2021,2021,,SX7160371621,271603,71621,30,11.8,354,11.8,354,ELECTRIC FISHING,CATCH PUE/T SAMPLE,1,712114,118,Atlantic salmon,Salmo salar,35,,,,,,35,,,,,,No,Completed,No,No,04/11/2021
Dart,9371,Spitchwich Manor (Dip),160550,26/08/2021,2021,,SX7160371621,271603,71621,30,11.8,354,11.8,354,ELECTRIC FISHING,CATCH PUE/T SAMPLE,1,712115,111,Brown / sea trout,Salmo trutta,11,,,,,,11,,,,,,No,Completed,No,No,04/11/2021
Dart,9371,Spitchwich Manor (Dip),160550,26/08/2021,2021,,SX7160371621,271603,71621,30,11.8,354,11.8,354,ELECTRIC FISHING,CATCH PUE/T SAMPLE,1,712116,283,Bullhead,Cottus gobio,43,,,,,,43,,,,,,No,Completed,No,No,04/11/2021
Dart,9371,Spitchwich Manor (Dip),160550,26/08/2021,2021,,SX7160371621,271603,71621,30,11.8,354,11.8,354,ELECTRIC FISHING,CATCH PUE/T SAMPLE,1,712117,284,Minnow,Phoxinus phoxinus,2,,,,,,2,,,,,,No,Completed,No,No,04/11/2021
Dart,9371,Spitchwich Manor (Dip),160550,26/08/2021,2021,,SX7160371621,271603,71621,30,11.8,354,11.8,354,ELECTRIC FISHING,CATCH PUE/T SAMPLE,1,712118,286,Stone loach,Barbatula barbatula,2,,,,,,2,,,,,,No,Completed,No,No,04/11/2021
Dart,9371,Spitchwich Manor (Dip),160550,26/08/2021,2021,,SX7160371621,271603,71621,30,11.8,354,11.8,354,ELECTRIC FISHING,CATCH PUE/T SAMPLE,1,712119,242,European eels > elvers,Anguilla anguilla,5,,,,,,5,,,,,,No,Completed,No,No,04/11/2021
Dart,9371,Spitchwich Manor (Dip),167029,21/08/2024,2024,,SX7160371621,271603,71621,30,19.6,588,19.6,588,ELECTRIC FISHING,CATCH PUE/T SAMPLE,1,743472,118,Atlantic salmon,Salmo salar,35,,,,,,35,,,,,,No,Completed,No,No,13/09/2024
Dart,9371,Spitchwich Manor (Dip),167029,21/08/2024,2024,,SX7160371621,271603,71621,30,19.6,588,19.6,588,ELECTRIC FISHING,CATCH PUE/T SAMPLE,1,743473,111,Brown / sea trout,Salmo trutta,3,,,,,,3,,,,,,No,Completed,No,No,13/09/2024
Dart,9371,Spitchwich Manor (Dip),167029,21/08/2024,2024,,SX7160371621,271603,71621,30,19.6,588,19.6,588,ELECTRIC FISHING,CATCH PUE/T SAMPLE,1,743474,283,Bullhead,Cottus gobio,9,,,,,,9,,,,,,No,Completed,No,No,13/09/2024
Dart,9371,Spitchwich Manor (Dip),167029,21/08/2024,2024,,SX7160371621,271603,71621,30,19.6,588,19.6,588,ELECTRIC FISHING,CATCH PUE/T SAMPLE,1,743475,286,Stone loach,Barbatula barbatula,1,,,,,,1,,,,,,No,Completed,No,No,13/09/2024
Dart,9371,Spitchwich Manor (Dip),167029,21/08/2024,2024,,SX7160371621,271603,71621,30,19.6,588,19.6,588,ELECTRIC FISHING,CATCH PUE/T SAMPLE,1,743476,242,European eels > elvers,Anguilla anguilla,3,,,,,,3,,,,,,No,Completed,No,No,13/09/2024
Dart,9373,U/s Staverton Bridge (Dip),160644,31/08/2021,2021,,SX7835763602,278357,63602,35,11.3,395.5,11.3,395.5,ELECTRIC FISHING,CATCH PUE/T SAMPLE,1,713032,118,Atlantic salmon,Salmo salar,15,,,,,,15,,,,,,No,Completed,No,No,18/11/2021
Dart,9373,U/s Staverton Bridge (Dip),160644,31/08/2021,2021,,SX7835763602,278357,63602,35,11.3,395.5,11.3,395.5,ELECTRIC FISHING,CATCH PUE/T SAMPLE,1,713033,111,Brown / sea trout,Salmo trutta,4,,,,,,4,,,,,,No,Completed,No,No,18/11/2021
Dart,9373,U/s Staverton Bridge (Dip),160644,31/08/2021,2021,,SX7835763602,278357,63602,35,11.3,395.5,11.3,395.5,ELECTRIC FISHING,CATCH PUE/T SAMPLE,1,713034,283,Bullhead,Cottus gobio,139,,,,,,139,,,,,,No,Completed,No,No,18/11/2021
Dart,9373,U/s Staverton Bridge (Dip),160644,31/08/2021,2021,,SX7835763602,278357,63602,35,11.3,395.5,11.3,395.5,ELECTRIC FISHING,CATCH PUE/T SAMPLE,1,713035,284,Minnow,Phoxinus phoxinus,32,,,,,,32,,,,,,No,Completed,No,No,18/11/2021
Dart,9373,U/s Staverton Bridge (Dip),160644,31/08/2021,2021,,SX7835763602,278357,63602,35,11.3,395.5,11.3,395.5,ELECTRIC FISHING,CATCH PUE/T SAMPLE,1,713036,286,Stone loach,Barbatula barbatula,13,,,,,,13,,,,,,No,Completed,No,No,18/11/2021
Dart,9373,U/s Staverton Bridge (Dip),160644,31/08/2021,2021,,SX7835763602,278357,63602,35,11.3,395.5,11.3,395.5,ELECTRIC FISHING,CATCH PUE/T SAMPLE,1,713037,242,European eels > elvers,Anguilla anguilla,2,,,,,,2,,,,,,No,Completed,No,No,18/11/2021
Dart,9373,U/s Staverton Bridge (Dip),160644,31/08/2021,2021,,SX7835763602,278357,63602,35,11.3,395.5,11.3,395.5,ELECTRIC FISHING,CATCH PUE/T SAMPLE,1,713038,243,European elvers,Anguilla anguilla,5,,,,,,5,,,,,,No,Completed,No,No,18/11/2021
Dart,9373,U/s Staverton Bridge (Dip),160644,31/08/2021,2021,,SX7835763602,278357,63602,35,11.3,395.5,11.3,395.5,ELECTRIC FISHING,CATCH PUE/T SAMPLE,1,713592,281,3-spined stickleback,Gasterosteus aculeatus,1,,,,,,1,,,,,,No,Completed,No,No,18/11/2021
Dart,9373,U/s Staverton Bridge (Dip),166609,02/09/2024,2024,,SX7835763602,278357,63602,60,18.8,1128,18.8,1128,ELECTRIC FISHING,CATCH PUE/T SAMPLE,1,742644,283,Bullhead,Cottus gobio,15,,,,,,15,,,,,,No,Completed,No,No,04/09/2024
Dart,9373,U/s Staverton Bridge (Dip),166609,02/09/2024,2024,,SX7835763602,278357,63602,60,18.8,1128,18.8,1128,ELECTRIC FISHING,CATCH PUE/T SAMPLE,1,742645,284,Minnow,Phoxinus phoxinus,45,,,,,,45,,,,,,No,Completed,No,No,04/09/2024
Dart,9373,U/s Staverton Bridge (Dip),166609,02/09/2024,2024,,SX7835763602,278357,63602,60,18.8,1128,18.8,1128,ELECTRIC FISHING,CATCH PUE/T SAMPLE,1,742646,286,Stone loach,Barbatula barbatula,5,,,,,,5,,,,,,No,Completed,No,No,04/09/2024
Dart,9373,U/s Staverton Bridge (Dip),166609,02/09/2024,2024,,SX7835763602,278357,63602,60,18.8,1128,18.8,1128,ELECTRIC FISHING,CATCH PUE/T SAMPLE,1,742647,320,Lamprey sp.,Petromyzontidae,4,,,,,,4,,,,,,No,Completed,No,No,04/09/2024
Dart,9373,U/s Staverton Bridge (Dip),166609,02/09/2024,2024,,SX7835763602,278357,63602,60,18.8,1128,18.8,1128,ELECTRIC FISHING,CATCH PUE/T SAMPLE,1,742648,242,European eels > elvers,Anguilla anguilla,2,,,,,,2,,,,,,No,Completed,No,No,04/09/2024
Dart,9374,Prince Hall (Dip/5 min),160549,27/08/2021,2021,,SX6259073870,262590,73870,15,9.9,148.5,9.9,148.5,ELECTRIC FISHING,CATCH PUE/T SAMPLE,1,712112,111,Brown / sea trout,Salmo trutta,37,,,,,,37,,,,,,No,Completed,No,No,04/11/2021
Dart,9374,Prince Hall (Dip/5 min),160549,27/08/2021,2021,,SX6259073870,262590,73870,15,9.9,148.5,9.9,148.5,ELECTRIC FISHING,CATCH PUE/T SAMPLE,1,712113,118,Atlantic salmon,Salmo salar,10,,,,,,10,,,,,,No,Completed,No,No,04/11/2021
Dart,9374,Prince Hall (Dip/5 min),163677,25/09/2023,2023,,SX6259073870,262590,73870,30,14.37,431.1,14.37,431.1,ELECTRIC FISHING,CATCH PUE/T SAMPLE,1,732468,118,Atlantic salmon,Salmo salar,2,,,,,,2,,,,,,No,Completed,No,No,24/10/2023
Dart,9374,Prince Hall (Dip/5 min),163677,25/09/2023,2023,,SX6259073870,262590,73870,30,14.37,431.1,14.37,431.1,ELECTRIC FISHING,CATCH PUE/T SAMPLE,1,732469,111,Brown / sea trout,Salmo trutta,9,,,,,,9,,,,,,No,Completed,No,No,24/10/2023
Dart,9374,Prince Hall (Dip/5 min),163677,25/09/2023,2023,,SX6259073870,262590,73870,30,14.37,431.1,14.37,431.1,ELECTRIC FISHING,CATCH PUE/T SAMPLE,1,732470,284,Minnow,Phoxinus phoxinus,1,,,,,,1,,,,,,No,Completed,No,No,24/10/2023
Dart,9374,Prince Hall (Dip/5 min),166671,19/07/2024,2024,,SX6259073870,262590,73870,31,11.23,348.13,11.23,348.13,ELECTRIC FISHING,CATCH PUE/T SAMPLE,1,742934,284,Minnow,Phoxinus phoxinus,3,,,,,,3,,,,,,No,Completed,No,No,06/09/2024
Dart,9374,Prince Hall (Dip/5 min),166671,19/07/2024,2024,,SX6259073870,262590,73870,31,11.23,348.13,11.23,348.13,ELECTRIC FISHING,CATCH PUE/T SAMPLE,1,742935,118,Atlantic salmon,Salmo salar,2,,,,,,2,,,,,,No,Completed,No,No,06/09/2024
Dart,9374,Prince Hall (Dip/5 min),166671,19/07/2024,2024,,SX6259073870,262590,73870,31,11.23,348.13,11.23,348.13,ELECTRIC FISHING,CATCH PUE/T SAMPLE,1,742936,111,Brown / sea trout,Salmo trutta,19,,,,,,19,,,,,,No,Completed,No,No,06/09/2024
Dart,9375,Huccaby (Dip),160708,27/08/2021,2021,,SX6590072930,265900,72930,20,8.8,176,8.8,176,ELECTRIC FISHING,CATCH PUE/T SAMPLE,1,713732,118,Atlantic salmon,Salmo salar,39,,,,,,39,,,,,,No,Completed,No,No,30/11/2021
Dart,9375,Huccaby (Dip),160708,27/08/2021,2021,,SX6590072930,265900,72930,20,8.8,176,8.8,176,ELECTRIC FISHING,CATCH PUE/T SAMPLE,1,713733,111,Brown / sea trout,Salmo trutta,7,,,,,,7,,,,,,No,Completed,No,No,30/11/2021
Dart,9375,Huccaby (Dip),160708,27/08/2021,2021,,SX6590072930,265900,72930,20,8.8,176,8.8,176,ELECTRIC FISHING,CATCH PUE/T SAMPLE,1,713734,284,Minnow,Phoxinus phoxinus,7,,,,,,7,,,,,,No,Completed,No,No,30/11/2021
Dart,9375,Huccaby (Dip),166612,02/09/2024,2024,,SX6590072930,265900,72930,50,14.3,715,14.3,715,ELECTRIC FISHING,CATCH PUE/T SAMPLE,1,742661,118,Atlantic salmon,Salmo salar,12,,,,,,12,,,,,,No,Completed,No,No,04/09/2024
Dart,9375,Huccaby (Dip),166612,02/09/2024,2024,,SX6590072930,265900,72930,50,14.3,715,14.3,715,ELECTRIC FISHING,CATCH PUE/T SAMPLE,1,742662,111,Brown / sea trout,Salmo trutta,5,,,,,,5,,,,,,No,Completed,No,No,04/09/2024
Dart,10921,U/s Dunstone Bridge (Te),145534,22/07/2015,2015,,SX7180076040,271800,76040,70,4.25,297.5,4.25,297.5,DC ELECTRIC FISHING,SINGLE CATCH SAMPLE,1,629354,111,Brown / sea trout,Salmo trutta,170,,,,,,170,,,,,,No,Completed,No,No,22/07/2015
Dart,10921,U/s Dunstone Bridge (Te),145534,22/07/2015,2015,,SX7180076040,271800,76040,70,4.25,297.5,4.25,297.5,DC ELECTRIC FISHING,SINGLE CATCH SAMPLE,1,629355,118,Atlantic salmon,Salmo salar,4,,,,,,4,,,,,,No,Completed,No,No,22/07/2015
Dart,10921,U/s Dunstone Bridge (Te),148716,26/07/2016,2016,,SX7180076040,271800,76040,57,3.93,224.01,3.93,224.01,ELECTRIC FISHING,SINGLE CATCH SAMPLE,1,650197,118,Atlantic salmon,Salmo salar,3,,,,,,3,,,,,,No,Completed,No,No,01/08/2016
Dart,10921,U/s Dunstone Bridge (Te),148716,26/07/2016,2016,,SX7180076040,271800,76040,57,3.93,224.01,3.93,224.01,ELECTRIC FISHING,SINGLE CATCH SAMPLE,1,650198,111,Brown / sea trout,Salmo trutta,176,,,,,,176,,,,,,No,Completed,No,No,01/08/2016
Dart,10921,U/s Dunstone Bridge (Te),148716,26/07/2016,2016,,SX7180076040,271800,76040,57,3.93,224.01,3.93,224.01,ELECTRIC FISHING,SINGLE CATCH SAMPLE,1,650199,242,European eels > elvers,Anguilla anguilla,1,,,,,,1,,,,,,No,Completed,No,No,01/08/2016
Dart,10921,U/s Dunstone Bridge (Te),151085,28/07/2017,2017,,SX7180076040,271800,76040,63,4.15,261.45,4.15,261.45,ELECTRIC FISHING,SINGLE CATCH SAMPLE,1,666274,118,Atlantic salmon,Salmo salar,1,,,,,,1,,,,,,No,Completed,No,No,31/07/2017
Dart,10921,U/s Dunstone Bridge (Te),151085,28/07/2017,2017,,SX7180076040,271800,76040,63,4.15,261.45,4.15,261.45,ELECTRIC FISHING,SINGLE CATCH SAMPLE,1,666275,111,Brown / sea trout,Salmo trutta,235,,,,,,235,,,,,,No,Completed,No,No,31/07/2017
Dart,10921,U/s Dunstone Bridge (Te),154935,25/07/2019,2019,,SX7180076040,271800,76040,80,4.4,352,4.4,352,ELECTRIC FISHING,SINGLE CATCH SAMPLE,1,691599,111,Brown / sea trout,Salmo trutta,179,,,,,,179,,,,,,No,Completed,No,No,29/07/2019
Dart,10921,U/s Dunstone Bridge (Te),160692,23/07/2021,2021,,SX7180076040,271800,76040,85,4.77,405.45,4.77,405.45,ELECTRIC FISHING,SINGLE CATCH SAMPLE,1,713574,111,Brown / sea trout,Salmo trutta,267,,,,,,267,,,,,,No,Completed,No,No,26/11/2021
Dart,10921,U/s Dunstone Bridge (Te),164014,11/09/2023,2023,,SX7180076040,271800,76040,59,4.69,276.71,4.69,276.71,ELECTRIC FISHING,SINGLE CATCH SAMPLE,1,734371,111,Brown / sea trout,Salmo trutta,263,,,,,,263,,,,,,No,Completed,No,No,15/11/2023
Dart,10921,U/s Dunstone Bridge (Te),167031,14/08/2024,2024,,SX7180076040,271800,76040,53,4.93,261.29,4.93,261.29,ELECTRIC FISHING,SINGLE CATCH SAMPLE,1,743480,111,Brown / sea trout,Salmo trutta,192,,,,,,192,,,,,,No,Completed,No,No,13/09/2024
Dart,15496,Cattle Drink (5 min),163571,28/09/2023,2023,,SX6405772480,264057,72480,50,8.5,425,8.5,425,ELECTRIC FISHING,CATCH PUE/T SAMPLE,1,731792,118,Atlantic salmon,Salmo salar,54,,,,,,54,,,,,,No,Completed,No,No,11/10/2023
Dart,15496,Cattle Drink (5 min),163571,28/09/2023,2023,,SX6405772480,264057,72480,50,8.5,425,8.5,425,ELECTRIC FISHING,CATCH PUE/T SAMPLE,1,731793,111,Brown / sea trout,Salmo trutta,16,,,,,,16,,,,,,No,Completed,No,No,11/10/2023
Dart,15496,Cattle Drink (5 min),163571,28/09/2023,2023,,SX6405772480,264057,72480,50,8.5,425,8.5,425,ELECTRIC FISHING,CATCH PUE/T SAMPLE,1,731794,242,European eels > elvers,Anguilla anguilla,1,,,,,,1,,,,,,No,Completed,No,No,11/10/2023
Dart,15496,Cattle Drink (5 min),163571,28/09/2023,2023,,SX6405772480,264057,72480,50,8.5,425,8.5,425,ELECTRIC FISHING,CATCH PUE/T SAMPLE,1,731795,284,Minnow,Phoxinus phoxinus,38,,,,,,38,,,,,,No,Completed,No,No,11/10/2023
Dart,28956,Higher North Mill -(Sp),161464,22/09/2022,2022,,SX8239047640,282390,47640,55,1.71,94.05,1.71,94.05,ELECTRIC FISHING,SINGLE CATCH SAMPLE,1,719637,111,Brown / sea trout,Salmo trutta,25,,,,,,25,,,,,,No,Completed,No,No,26/09/2022
Dart,28956,Higher North Mill -(Sp),161464,22/09/2022,2022,,SX8239047640,282390,47640,55,1.71,94.05,1.71,94.05,ELECTRIC FISHING,SINGLE CATCH SAMPLE,1,719638,242,European eels > elvers,Anguilla anguilla,3,,,,,,3,,,,,,No,Completed,No,No,26/09/2022
Dart,28956,Higher North Mill -(Sp),161464,22/09/2022,2022,,SX8239047640,282390,47640,55,1.71,94.05,1.71,94.05,ELECTRIC FISHING,SINGLE CATCH SAMPLE,1,719639,283,Bullhead,Cottus gobio,3,,,,,,3,,,,,,No,Completed,No,No,26/09/2022
Dart,44402,Washbourne Bridge (Sp),165180,11/06/2024,2024,,SX7982054850,279820,54850,72,3.26,234.72,3.26,234.72,ELECTRIC FISHING,SINGLE CATCH SAMPLE,1,738449,111,Brown / sea trout,Salmo trutta,10,,,,,,10,,,,,,No,Completed,No,No,18/06/2024
Dart,44402,Washbourne Bridge (Sp),165180,11/06/2024,2024,,SX7982054850,279820,54850,72,3.26,234.72,3.26,234.72,ELECTRIC FISHING,SINGLE CATCH SAMPLE,1,738450,283,Bullhead,Cottus gobio,94,,,,,,94,,,,,,No,Completed,No,No,18/06/2024
Dart,44402,Washbourne Bridge (Sp),165180,11/06/2024,2024,,SX7982054850,279820,54850,72,3.26,234.72,3.26,234.72,ELECTRIC FISHING,SINGLE CATCH SAMPLE,1,738452,320,Lamprey sp.,Petromyzontidae,6,,,,,,6,,,,,,No,Completed,No,No,18/06/2024
Dart,44402,Washbourne Bridge (Sp),165180,11/06/2024,2024,,SX7982054850,279820,54850,72,3.26,234.72,3.26,234.72,ELECTRIC FISHING,SINGLE CATCH SAMPLE,1,738453,242,European eels > elvers,Anguilla anguilla,1,,,,,,1,,,,,,No,Completed,No,No,18/06/2024
Dart,70403,Babeny Stables (Sp),151930,22/08/2017,2017,,SX6728575123,267285,75123,51,5.9,300.9,5.9,300.9,ELECTRIC FISHING,SINGLE CATCH SAMPLE,1,671334,111,Brown / sea trout,Salmo trutta,72,,,,,,72,,,,,,No,Completed,No,No,12/10/2017
Dart,70403,Babeny Stables (Sp),151930,22/08/2017,2017,,SX6728575123,267285,75123,51,5.9,300.9,5.9,300.9,ELECTRIC FISHING,SINGLE CATCH SAMPLE,1,671335,242,European eels > elvers,Anguilla anguilla,1,,,,,,1,,,,,,No,Completed,No,No,12/10/2017
Dart,70403,Babeny Stables (Sp),153001,10/07/2018,2018,,SX6728575123,267285,75123,58,4.35,252.3,4.35,252.3,ELECTRIC FISHING,SINGLE CATCH SAMPLE,1,678396,242,European eels > elvers,Anguilla anguilla,2,,,,,,2,,,,,,No,Completed,No,No,09/08/2018
Dart,70403,Babeny Stables (Sp),153001,10/07/2018,2018,,SX6728575123,267285,75123,58,4.35,252.3,4.35,252.3,ELECTRIC FISHING,SINGLE CATCH SAMPLE,1,678397,118,Atlantic salmon,Salmo salar,5,,,,,,5,,,,,,No,Completed,No,No,09/08/2018
Dart,70403,Babeny Stables (Sp),153001,10/07/2018,2018,,SX6728575123,267285,75123,58,4.35,252.3,4.35,252.3,ELECTRIC FISHING,SINGLE CATCH SAMPLE,1,678398,111,Brown / sea trout,Salmo trutta,78,,,,,,78,,,,,,No,Completed,No,No,09/08/2018
Dart,70403,Babeny Stables (Sp),154945,29/07/2019,2019,,SX6728575123,267285,75123,50,4.18,209,4.18,209,ELECTRIC FISHING,SINGLE CATCH SAMPLE,1,691653,118,Atlantic salmon,Salmo salar,35,,,,,,35,,,,,,No,Completed,No,No,30/07/2019
Dart,70403,Babeny Stables (Sp),154945,29/07/2019,2019,,SX6728575123,267285,75123,50,4.18,209,4.18,209,ELECTRIC FISHING,SINGLE CATCH SAMPLE,1,691654,111,Brown / sea trout,Salmo trutta,54,,,,,,54,,,,,,No,Completed,No,No,30/07/2019
Dart,70403,Babeny Stables (Sp),160646,10/08/2021,2021,,SX6728575123,267285,75123,50,4.38,219,4.38,219,ELECTRIC FISHING,SINGLE CATCH SAMPLE,1,713052,118,Atlantic salmon,Salmo salar,1,,,,,,1,,,,,,No,Completed,No,No,18/11/2021
Dart,70403,Babeny Stables (Sp),160646,10/08/2021,2021,,SX6728575123,267285,75123,50,4.38,219,4.38,219,ELECTRIC FISHING,SINGLE CATCH SAMPLE,1,713053,111,Brown / sea trout,Salmo trutta,73,,,,,,73,,,,,,No,Completed,No,No,18/11/2021
Dart,70403,Babeny Stables (Sp),167030,14/08/2024,2024,,SX6728575123,267285,75123,50,4.3,215,4.3,215,ELECTRIC FISHING,SINGLE CATCH SAMPLE,1,743477,118,Atlantic salmon,Salmo salar,11,,,,,,11,,,,,,No,Completed,No,No,13/09/2024
Dart,70403,Babeny Stables (Sp),167030,14/08/2024,2024,,SX6728575123,267285,75123,50,4.3,215,4.3,215,ELECTRIC FISHING,SINGLE CATCH SAMPLE,1,743478,111,Brown / sea trout,Salmo trutta,68,,,,,,68,,,,,,No,Completed,No,No,13/09/2024
Dart,70403,Babeny Stables (Sp),167030,14/08/2024,2024,,SX6728575123,267285,75123,50,4.3,215,4.3,215,ELECTRIC FISHING,SINGLE CATCH SAMPLE,1,743479,242,European eels > elvers,Anguilla anguilla,2,,,,,,2,,,,,,No,Completed,No,No,13/09/2024
Dart,78463,Hr Cherry Brook Bridge (5 min),163336,19/09/2023,2023,,SX6346476945,263464,76945,30,2.4,72,2.4,72,ELECTRIC FISHING,CATCH PUE/T SAMPLE,1,730686,111,Brown / sea trout,Salmo trutta,66,,,,,,66,,,,,,No,Completed,No,No,21/09/2023
Dart,78683,U/S Swincombe Dam (5 min),163572,04/10/2023,2023,,SX6307171578,263071,71578,50,7.33,366.5,7.33,366.5,ELECTRIC FISHING,CATCH PUE/T SAMPLE,1,731798,118,Atlantic salmon,Salmo salar,42,,,,,,42,,,,,,No,Completed,No,No,11/10/2023
Dart,78683,U/S Swincombe Dam (5 min),163572,04/10/2023,2023,,SX6307171578,263071,71578,50,7.33,366.5,7.33,366.5,ELECTRIC FISHING,CATCH PUE/T SAMPLE,1,731799,111,Brown / sea trout,Salmo trutta,17,,,,,,17,,,,,,No,Completed,No,No,11/10/2023
Dart,78684,Dunnabridge Gauging Station (5 min),163573,04/10/2023,2023,,SX6429673981,264296,73981,50,11.8,590,11.8,590,ELECTRIC FISHING,CATCH PUE/T SAMPLE,1,731800,118,Atlantic salmon,Salmo salar,29,,,,,,29,,,,,,No,Completed,No,No,11/10/2023
Dart,78684,Dunnabridge Gauging Station (5 min),163573,04/10/2023,2023,,SX6429673981,264296,73981,50,11.8,590,11.8,590,ELECTRIC FISHING,CATCH PUE/T SAMPLE,1,731801,111,Brown / sea trout,Salmo trutta,9,,,,,,9,,,,,,No,Completed,No,No,11/10/2023
Dart,78684,Dunnabridge Gauging Station (5 min),163573,04/10/2023,2023,,SX6429673981,264296,73981,50,11.8,590,11.8,590,ELECTRIC FISHING,CATCH PUE/T SAMPLE,1,731802,284,Minnow,Phoxinus phoxinus,1,,,,,,1,,,,,,No,Completed,No,No,11/10/2023
Dart,78685,U/S Cowsick Confluence (5 min),163575,05/08/2023,2023,,SX6080875261,260808,75261,50,7,350,7,350,ELECTRIC FISHING,CATCH PUE/T SAMPLE,1,731813,118,Atlantic salmon,Salmo salar,2,,,,,,2,,,,,,No,Completed,No,No,11/10/2023
Dart,78685,U/S Cowsick Confluence (5 min),163575,05/08/2023,2023,,SX6080875261,260808,75261,50,7,350,7,350,ELECTRIC FISHING,CATCH PUE/T SAMPLE,1,731814,111,Brown / sea trout,Salmo trutta,31,,,,,,31,,,,,,No,Completed,No,No,11/10/2023
Dart,78685,U/S Cowsick Confluence (5 min),163575,05/08/2023,2023,,SX6080875261,260808,75261,50,7,350,7,350,ELECTRIC FISHING,CATCH PUE/T SAMPLE,1,731815,242,European eels > elvers,Anguilla anguilla,3,,,,,,3,,,,,,No,Completed,No,No,11/10/2023
Dart,78685,U/S Cowsick Confluence (5 min),163575,05/08/2023,2023,,SX6080875261,260808,75261,50,7,350,7,350,ELECTRIC FISHING,CATCH PUE/T SAMPLE,1,731816,284,Minnow,Phoxinus phoxinus,17,,,,,,17,,,,,,No,Completed,No,No,11/10/2023
Dart,78686,Brimpts wood (5 min),163576,05/09/2023,2023,,SX6726474692,267264,74692,50,10.33,516.5,10.33,516.5,ELECTRIC FISHING,CATCH PUE/T SAMPLE,1,731817,118,Atlantic salmon,Salmo salar,17,,,,,,17,,,,,,No,Completed,No,No,11/10/2023
Dart,78686,Brimpts wood (5 min),163576,05/09/2023,2023,,SX6726474692,267264,74692,50,10.33,516.5,10.33,516.5,ELECTRIC FISHING,CATCH PUE/T SAMPLE,1,731818,111,Brown / sea trout,Salmo trutta,12,,,,,,12,,,,,,No,Completed,No,No,11/10/2023
Dart,78686,Brimpts wood (5 min),163576,05/09/2023,2023,,SX6726474692,267264,74692,50,10.33,516.5,10.33,516.5,ELECTRIC FISHING,CATCH PUE/T SAMPLE,1,731819,242,European eels > elvers,Anguilla anguilla,1,,,,,,1,,,,,,No,Completed,No,No,11/10/2023
Dart,78687,U/S Postbridge (5 min),163583,07/09/2023,2023,,SX6454179069,264541,79069,50,5.33,266.5,5.33,266.5,ELECTRIC FISHING,CATCH PUE/T SAMPLE,1,731853,118,Atlantic salmon,Salmo salar,103,,,,,,103,,,,,,No,Completed,No,No,11/10/2023
Dart,78687,U/S Postbridge (5 min),163583,07/09/2023,2023,,SX6454179069,264541,79069,50,5.33,266.5,5.33,266.5,ELECTRIC FISHING,CATCH PUE/T SAMPLE,1,731854,111,Brown / sea trout,Salmo trutta,12,,,,,,12,,,,,,No,Completed,No,No,11/10/2023
Dart,78763,Laughter Hole (5 min),163673,13/09/2023,2023,,SX6622275800,266222,75800,50,10.13,506.5,10.13,506.5,ELECTRIC FISHING,CATCH PUE/T SAMPLE,1,732456,118,Atlantic salmon,Salmo salar,25,,,,,,25,,,,,,No,Completed,No,No,24/10/2023
Dart,78763,Laughter Hole (5 min),163673,13/09/2023,2023,,SX6622275800,266222,75800,50,10.13,506.5,10.13,506.5,ELECTRIC FISHING,CATCH PUE/T SAMPLE,1,732457,111,Brown / sea trout,Salmo trutta,17,,,,,,17,,,,,,No,Completed,No,No,24/10/2023
Dart,78763,Laughter Hole (5 min),163673,13/09/2023,2023,,SX6622275800,266222,75800,50,10.13,506.5,10.13,506.5,ELECTRIC FISHING,CATCH PUE/T SAMPLE,1,732458,242,European eels > elvers,Anguilla anguilla,1,,,,,,1,,,,,,No,Completed,No,No,24/10/2023
Dart,78764,Dunnabridge Plantation (5 min),163676,25/09/2023,2023,,SX6315273841,263152,73841,40,5.63,225.2,5.63,225.2,ELECTRIC FISHING,CATCH PUE/T SAMPLE,1,732465,111,Brown / sea trout,Salmo trutta,11,,,,,,11,,,,,,No,Completed,No,No,24/10/2023
Dart,78764,Dunnabridge Plantation (5 min),163676,25/09/2023,2023,,SX6315273841,263152,73841,40,5.63,225.2,5.63,225.2,ELECTRIC FISHING,CATCH PUE/T SAMPLE,1,732466,118,Atlantic salmon,Salmo salar,1,,,,,,1,,,,,,No,Completed,No,No,24/10/2023
Dart,78764,Dunnabridge Plantation (5 min),163676,25/09/2023,2023,,SX6315273841,263152,73841,40,5.63,225.2,5.63,225.2,ELECTRIC FISHING,CATCH PUE/T SAMPLE,1,732467,284,Minnow,Phoxinus phoxinus,22,,,,,,22,,,,,,No,Completed,No,No,24/10/2023
Dart,78765,U/S Confluence with W. Dart (5 min),163678,25/09/2023,2023,,SX6163474156,261634,74156,30,7.43,222.9,7.43,222.9,ELECTRIC FISHING,CATCH PUE/T SAMPLE,1,732471,111,Brown / sea trout,Salmo trutta,9,,,,,,9,,,,,,No,Completed,No,No,24/10/2023
Dart,78765,U/S Confluence with W. Dart (5 min),163678,25/09/2023,2023,,SX6163474156,261634,74156,30,7.43,222.9,7.43,222.9,ELECTRIC FISHING,CATCH PUE/T SAMPLE,1,732472,284,Minnow,Phoxinus phoxinus,23,,,,,,23,,,,,,No,Completed,No,No,24/10/2023
Dart,78766,Prison Farm Bridge (5 min),163679,13/10/2023,2023,,SX5881174539,258811,74539,40,4.6,184,4.6,184,ELECTRIC FISHING,CATCH PUE/T SAMPLE,1,732473,111,Brown / sea trout,Salmo trutta,43,,,,,,43,,,,,,No,Completed,No,No,24/10/2023
Dart,78766,Prison Farm Bridge (5 min),163679,13/10/2023,2023,,SX5881174539,258811,74539,40,4.6,184,4.6,184,ELECTRIC FISHING,CATCH PUE/T SAMPLE,1,732474,284,Minnow,Phoxinus phoxinus,5,,,,,,5,,,,,,No,Completed,No,No,24/10/2023
Dart,78767,Bachelors Hall (5 min),163680,19/09/2023,2023,,SX6028873869,260288,73869,40,5.4,216,5.4,216,ELECTRIC FISHING,CATCH PUE/T SAMPLE,1,732475,111,Brown / sea trout,Salmo trutta,34,,,,,,34,,,,,,No,Completed,No,No,24/10/2023
Dart,78767,Bachelors Hall (5 min),163680,19/09/2023,2023,,SX6028873869,260288,73869,40,5.4,216,5.4,216,ELECTRIC FISHING,CATCH PUE/T SAMPLE,1,732476,284,Minnow,Phoxinus phoxinus,15,,,,,,15,,,,,,No,Completed,No,No,24/10/2023